True_Degradation_Rate,Predicted_Degradation_Rate
-2.1988,-2.117059760889436
-2.0598,-2.709823666808022
-1.7632,-1.7877044374995879
-1.3768,-1.1963701756254155
-1.7972,-1.3856820645495846
-1.2736,-1.017508056178937
-2.4598,-2.458865905486657
-2.8605,-2.60101795728062
-1.8497,-1.9935308927519855
-1.3973,-1.1482658721479733
-1.3797,-1.4363484203840664
-1.9855,-1.8272805891128296
-1.6647,-1.697721662446087
-2.4739,-2.262696391386185
-2.2289,-1.8409350705029668
-1.6946,-1.9863420696407816
-2.023,-2.269438213351074
-1.8145,-2.0340813971778613
-1.4338,-2.068617391757491
-2.0341,-1.9597681926992971
-1.1389,-2.6935814462865064
-1.3925,-1.270189827035669
-1.7746,-2.0178964084221054
-5.0,-2.665625765726981
-1.9397,-2.472222065213858
-1.615,-2.1438406018670566
-2.2292,-2.0208030926109055
-1.7355,-1.7947534686731172
-1.9399,-1.6770751234585868
-1.3075,-1.9788362674083415
-1.2979,-1.585202465053521
-2.1281,-2.343486755513134
-1.7079,-1.2518702611470212
-1.6751,-1.8101859678068641
-1.548,-1.989947927177449
-2.5399,-2.0175586113288597
-1.4465,-1.5268812335274224
-1.6665,-2.166939039930502
-3.1967,-2.4443447331330668
-1.1218,-1.2016334780343083
-2.5578,-2.30530545535118
-2.0785,-2.0868058832845864
-1.9369,-1.9705645733916868
-1.0562,-1.5642430326640513
-2.2566,-2.184179987009834
-1.4731,-1.0225583685975705
-1.6896,-1.3014490034076938
-1.1166,-0.9913654589561278
-2.01,-1.7904794205220327
-1.8683,-1.8108691805766883
-1.9729,-2.171004216972815
-2.5079,-2.6304714800101614
-2.8742,-2.4951683234220132
-3.1272,-2.6390828527612173
-2.0726,-1.6996002934002208
-2.0734,-1.9051311691706363
-2.108,-1.8281024797218335
-2.4975,-2.416112687678901
-3.0058,-2.9374092417992568
-1.7651,-1.5186425698321728
-2.204,-2.752833545544964
-0.96628,-1.8506794971336238
-1.3007,-0.8230638177773149
-1.8603,-2.1833346934210187
-1.861,-2.204968677986854
-1.4715,-2.1454194925757597
-2.1628,-1.973033010984337
-5.0,-2.4978535316459936
-1.6719,-1.7126517805486179
-1.8001,-1.7371082246405518
-2.699,-2.8472696368002546
-1.5474,-2.1488470414679868
-2.1434,-2.3775887587967706
-2.2659,-1.726368630238085
-2.303,-2.7219972009359115
-1.6741,-1.8938377909353952
-2.2575,-2.0998548706480045
-1.9648,-1.6995506742496103
-2.2394,-2.201345745820404
-1.2344,-1.746793138019124
-1.9472,-1.545257730918782
-2.4319,-2.5300284649815197
-2.1042,-3.074293002819683
-2.6523,-2.532967622351091
-1.2212,-1.292314874835317
-1.3068,-0.4220377152960786
-1.5151,-1.6116511445943549
-2.0737,-2.00800600463484
-2.3966,-2.365714500825965
-3.0357,-2.0770800406495176
-2.2378,-2.5336049070260036
-3.2304,-3.1735155203031473
-1.2935,-1.406454102485588
-2.7909,-2.5274272038015746
-2.043,-2.4880850717156147
-1.8331,-1.5483168757871917
-2.5446,-1.855985266791898
-2.3332,-1.8998108650723602
-2.3676,-1.851498973769818
-1.7409,-2.104213780016409
-1.2798,-1.5755266600778186
-2.6676,-2.05056980601618
-2.4042,-2.175185444099935
-1.6543,-1.5188274183070356
-2.3385,-2.522627419962636
-1.8618,-2.222730917749585
-1.3251,-1.6732293571588106
-1.8765,-1.7411904690482347
-1.5921,-2.2835906304015348
-1.5887,-1.3728314361658465
-1.9006,-1.537873419356825
-1.3552,-1.3216725435454229
-1.8109,-2.211742356687983
-1.6226,-1.3925608580337046
-1.2167,-1.4599039363141837
-1.7813,-1.835053232738264
-1.5439,-1.4212226714179885
-1.9068,-1.7850460957313141
-1.1601,-1.0706132104064023
-2.6497,-2.4544303881284
-2.1045,-2.540747594119548
-3.1394,-2.4641599814283643
-1.2614,-1.3416959865626965
-1.2502,-2.1636770623079977
-1.5172,-1.5922054200058247
-2.5886,-2.591362929687347
-1.3804,-1.324269883329868
-1.6986,-1.953344126451798
-2.3569,-2.4130978922880284
-1.4469,-1.3988747344178112
-1.4508,-1.3431209009455998
-2.0743,-1.965948856593308
-2.4824,-1.6018325922354226
-1.3844,-1.9528161521235567
-2.299,-2.704967651468214
-1.3399,-1.4032215541485962
-2.1301,-2.0237369705968744
-1.6071,-2.0410064166862774
-2.2676,-2.979970702219969
-2.8333,-2.345554655498473
-1.092,-1.4113571467048993
-2.1185,-1.971322943821974
-1.7208,-1.8094154602995423
-1.1415,-1.3893351454735205
-1.5113,-1.1461376037391822
-2.0175,-2.538535797373556
-2.6911,-2.302185463768914
-2.4294,-2.5649189078847794
-1.3863,-2.1413557041901323
-2.6338,-2.4727772361589873
-2.4587,-2.578502066547437
-1.2405,-1.174992694142369
-1.6779,-1.1996389170270683
-2.005,-2.2046146881472333
-1.7928,-2.651828722763672
-2.0644,-2.104935276071517
-1.8495,-2.1254635611019284
-2.0652,-1.8068386087636485
-2.5259,-2.5671630721107013
-2.0777,-2.3408577451697536
-1.0869,-1.2775195617988715
-1.3378,-1.2536032389889415
-2.1221,-2.2534195336111984
-1.403,-1.440777469862538
-2.2161,-1.8695226409411942
-1.5624,-1.6444961492748231
-1.8618,-2.020218236446888
-1.8804,-1.7691094993422705
-2.4577,-2.639639147601378
-1.2581,-1.0206968923631432
-1.5987,-1.4369666112790713
-1.2836,-1.6676762846047883
-2.7367,-3.154686304424396
-1.9265,-1.7500759697025354
-1.4199,-1.5563673405897587
-5.0,-2.645823695462032
-5.0,-2.5548084666340802
-2.4613,-2.7457177205356422
-2.8203,-2.312385473120699
-2.3455,-2.5771415726718887
-1.8834,-2.0098823963169896
-1.8505,-1.7995949147507653
-2.0147,-1.9980987982100433
-2.5411,-2.4518501179328327
-2.181,-2.9526363403244735
-2.5845,-1.8958864046544461
-1.1919,-1.4115627606858134
-5.0,-2.799205250953549
-1.341,-1.4134895912475836
-5.0,-2.7942000410565107
-2.3889,-1.851990690648556
-2.5505,-2.606453850125983
-1.7875,-2.0761965243887635
-3.205,-2.3429214187892535
-1.6589,-1.9100470401907803
-2.2712,-2.5460953361583982
-1.9299,-2.950432815020468
-2.5735,-2.4470540611623415
-1.469,-1.2481109439680886
-2.3217,-2.2901588647405435
-2.2766,-2.61830611844399
-1.7993,-1.5492715624976565
-2.7061,-3.1430306842718467
-2.0702,-1.9640941070280724
-1.7223,-1.8902368756316976
-1.961,-1.9299468733017455
-1.9858,-2.0633277881800485
-1.4065,-1.5696140531474523
-3.1597,-2.2834779431554404
-1.6246,-1.6626418359397666
-2.3652,-2.2149690743351953
-1.612,-1.7838088055180368
-1.6861,-1.7395982403279135
-2.3809,-1.6832389434998603
-1.7707,-1.532404898892303
-2.3075,-2.3635585896044677
-2.1221,-2.8470539087880944
-0.94932,-1.4037482542654032
-1.1361,-1.028944194520332
-5.0,-2.8781312365584277
-2.4335,-2.3998395787741957
-2.4913,-2.6467067918684126
-2.4673,-2.6055873700984127
-1.582,-1.6164268437088218
-1.0589,-1.3951238721482935
-1.0895,-1.3054963090883236
-3.0384,-3.0862323601160186
-1.2206,-2.0551609122730903
-1.9342,-1.771872473540102
-2.9551,-2.6019646056964003
-2.3685,-2.279142358548811
-1.9298,-2.2738255171465167
-2.8755,-2.3236550158477174
-1.7621,-1.5421834349626788
-5.0,-3.0882429653858106
-1.2145,-1.620404049059233
-2.2767,-2.5020523739756535
-2.5317,-2.028137422469204
-1.6323,-1.5245420361010371
-1.9063,-1.8999481210910794
-1.321,-1.596610902730563
-1.1636,-1.90844787750426
-1.4772,-1.7620810853411129
-1.8825,-1.6666299076829971
-1.5476,-1.4732778373142814
-2.4093,-1.8483502636315527
-1.2473,-1.340394858143283
-1.9253,-2.0635362968838753
-2.5971,-2.747806408162633
-2.9545,-3.310577716600288
-2.729,-2.6275120663755045
-2.0749,-1.993083602774072
-1.6973,-2.0212830047833874
-2.5902,-2.0470010986696434
-1.6983,-1.5945617894269735
-1.8867,-2.1844312119782106
-2.4958,-2.1743197529335236
-2.5324,-2.521608736925962
-3.1705,-2.4774750572562354
-1.2911,-1.6757249858648104
-1.6925,-1.9385767299616552
-1.8119,-2.3084419938092045
-1.4639,-1.6288988537350888
-1.3481,-1.4594886377822873
-1.9582,-2.4265003760232977
-2.2891,-2.303398836209752
-1.2858,-1.246086979839626
-1.3409,-1.5636601245109767
-2.6501,-2.542878563738122
-1.4946,-1.7766836825362262
-1.411,-1.7405963908127717
-1.2593,-0.9007550445628869
-1.5477,-1.0648370221251393
-1.8281,-2.501033138722657
-1.8979,-2.0792575593145006
-2.3754,-2.2844349123963967
-1.2976,-0.9887666325120805
-1.4802,-1.4046690702954794
-1.9107,-2.142697110138675
-5.0,-2.8966089178368946
-1.715,-2.1623377844829568
-2.3278,-2.0601225587616305
-2.0838,-1.8078088230783396
-1.7263,-1.6645758176284409
-2.1822,-2.0521835352012707
-2.0749,-2.615693404655008
-1.8489,-1.340240964246717
-2.4423,-1.773236220201102
-2.3185,-2.0893219005024437
-1.3842,-2.069175230072257
-1.6441,-1.8139371140431866
-1.581,-1.7846876294292577
-2.1261,-1.8689583559038294
-2.0526,-1.9959965617990996
-1.607,-2.239880452799092
-1.9632,-2.1360342912317294
-1.4589,-2.0042614595046935
-1.6186,-2.089080762716322
-1.276,-0.8344029160998445
-1.2703,-1.5193765044985987
-1.1026,-1.0800927168360666
-2.1919,-2.683685626270458
-2.3688,-1.8125135217204402
-2.2853,-2.0147189668736636
-1.2304,-1.4761004998083047
-1.8762,-2.105041235151711
-2.6409,-2.298839388655538
-1.058,-0.972509765062954
-1.2036,-1.2427294716656963
-2.1273,-1.8988533143349724
-2.6037,-2.539549469421988
-3.0175,-2.0771227055307357
-1.7013,-1.3895360491233635
-1.4183,-1.6385948653415119
-1.5824,-1.5621525290863167
-2.6104,-2.395353666282783
-2.0896,-1.710140891034257
-2.2204,-2.1845036557759703
-3.0314,-2.5210261242872303
-1.0487,-0.9977919890802738
-1.1347,-1.4323372709967934
-1.3623,-1.5058274815332302
-1.754,-1.4650032447026018
-5.0,-3.0585106606950125
-1.3523,-1.151838987917826
-3.305,-2.7584581170003757
-2.7742,-2.5215065165962813
-1.8274,-1.6223794118157429
-1.5055,-1.650676071634172
-2.8156,-2.235703675574341
-1.351,-1.4205929470062277
-0.88404,-1.0697184858988518
-2.7188,-2.365542350951908
-1.9304,-2.0759007535831664
-2.1926,-2.208773819060407
-1.7315,-1.652292862539274
-1.5829,-1.7013721329657248
-2.381,-1.8414671141630707
-1.9365,-1.8630182594888915
-2.4312,-2.1086395164035685
-2.0462,-2.044633884191706
-1.5768,-1.928317423209096
-1.788,-1.5002457567366758
-1.5648,-1.8799020743253423
-0.90002,-1.816741424942906
-2.244,-2.3343169374755632
-1.8002,-1.5563717836014115
-2.3447,-2.09428001450255
-2.7547,-2.776591029783899
-1.5154,-1.6229101593386364
-1.5788,-2.123700614638319
-2.4318,-2.1339566546884146
-2.5313,-2.588066363418228
-2.4012,-2.7818091068818585
-1.9809,-2.108436481479353
-1.4947,-1.5624823122682598
-1.6845,-1.5309932220374076
-2.6307,-2.0750286553410793
-1.7272,-2.0963291654748657
-1.3683,-1.6066205926807267
-1.8819,-2.1405625608142866
-2.7358,-2.509573374873627
-2.607,-2.4561407543057734
-1.53,-1.342690902256388
-3.2303,-2.4863052417000295
-1.8692,-1.8988365678192338
-1.512,-1.6592255223855101
-1.9001,-2.0979011375270487
-2.5484,-2.2653646469601787
-1.463,-1.5869111274029373
-1.8926,-1.8424239524020352
-3.0781,-2.7590210853110175
-2.7027,-2.632942218861209
-1.9777,-2.273223447083023
-1.7161,-1.8411705302106691
-2.0,-2.2863029719633974
-1.6132,-1.730935820312731
-2.6214,-2.3115666184025327
-1.7355,-1.65088465105686
-1.4514,-1.50650770722811
-2.3955,-2.6544054899628606
-1.9581,-2.0712232638181702
-2.6229,-2.083768562884338
-1.6927,-1.530796825881534
-1.8203,-1.8499228988818515
-1.4152,-2.5101937617688925
-2.6137,-2.403109212446142
-1.4129,-2.1247297936124068
-1.3182,-1.318783254311131
-1.261,-1.0934839802496326
-1.0613,-1.384735467297682
-1.5698,-2.4857921024796825
-2.3007,-2.5172264762107806
-1.2317,-1.6703690977874412
-1.8732,-1.718170231377549
-2.2083,-1.6915234880895187
-1.333,-2.390957189239409
-1.2865,-1.2526488112459817
-1.934,-1.910587791178069
-2.1991,-2.3133206898389576
-2.6288,-2.288946074379756
-1.3415,-1.2932054896891172
-1.1459,-1.3086714791517207
-2.0821,-2.487780212072953
-2.8736,-2.619257784743311
-2.9766,-2.5219546319238995
-2.1107,-1.2744683890021384
-2.023,-1.9334884663204739
-1.1137,-1.087005369321133
-2.4762,-2.1447058690390395
-1.465,-1.4105896255618635
-2.5502,-2.66132078183697
-2.5737,-2.453865554604272
-2.2717,-2.0199241089940103
-1.2299,-1.8261915129023527
-1.5824,-1.7549129305822992
-1.303,-1.1813803750747802
-0.98872,-1.0661310444363568
-1.5635,-1.4868114875563014
-3.322,-2.9939675550157014
-1.8071,-1.834477610431936
-2.6954,-2.4499347845432524
-1.6292,-2.1572465790017636
-2.6989,-2.504573661939811
-1.8864,-1.6608963310882068
-1.9188,-1.8619433248876127
-2.5876,-1.7429152579660967
-5.0,-2.378628580712456
-2.043,-2.4871102702674555
-1.503,-1.535667171452566
-1.0658,-1.359001851454086
-1.6962,-1.4687191901185497
-2.0641,-2.4574392920663013
-1.1868,-1.8827159631636303
-2.0855,-2.1391668255191822
-2.9161,-2.1700123778540066
-2.6537,-2.3109867289624604
-2.3246,-2.1173859829547848
-1.1666,-1.05395882631059
-1.8495,-2.1382004266539894
-1.39,-1.476687048294795
-1.8894,-1.554761047050766
-2.1606,-1.7953523282946071
-1.9454,-2.297453583997176
-1.6354,-1.9681016524416794
-1.9944,-1.5170333136244167
-2.7524,-3.169822077245543
-1.8585,-1.92938621811934
-5.0,-2.7435393589747714
-1.4997,-1.6950103801572716
-2.1174,-2.1238046432165243
-1.4107,-1.2157787074485065
-1.7148,-1.7342072902391268
-1.8485,-1.6024249307487926
-1.7144,-2.2398677931187274
-1.9328,-1.3486939836864917
-2.1972,-2.088596385241131
-1.6155,-1.3923731336550484
-1.8345,-2.103247914416787
-1.8044,-2.0505955561563987
-2.9154,-2.805871952513091
-2.2206,-1.9315683993069281
-1.13,-1.6120424955903547
-1.5091,-1.61794287519136
-1.3342,-1.6836549502673295
-1.7542,-1.6860004347977389
-2.159,-2.1074996672928235
-1.3779,-1.076913412321542
-2.0204,-2.0453542333062544
-3.0154,-2.627217554289299
-1.5941,-1.30396134062266
-1.5981,-1.719511729486554
-1.0577,-1.2627796832873752
-2.363,-1.8779393363379975
-1.2558,-2.1405382563129645
-1.7204,-1.6586859147655244
-2.6521,-2.4082830808264077
-1.5632,-1.6566761474462226
-1.948,-1.2491782944887442
-1.818,-1.6946189297189687
-2.0966,-2.2271520474311792
-1.8168,-1.787763806816012
-2.4509,-2.1554618872957994
-2.2473,-2.1762847808162125
-5.0,-3.2566533584154658
-2.5564,-1.824066244977486
-2.5174,-2.6787234613487865
-1.2466,-1.457434293196045
-2.4121,-2.2059723171021317
-1.6672,-1.3421361081938328
-2.1007,-1.9401242528621667
-1.2175,-1.5399847106011115
-2.8144,-2.187029928801637
-1.8926,-1.466492939394235
-1.0346,-1.813388729272186
-2.1186,-1.5922099297076426
-2.0169,-1.7714705035435054
-2.2923,-2.252345158796308
-2.4081,-2.463637214798785
-1.8466,-1.884276095473612
-2.3177,-2.0926073831021696
-2.8658,-2.705084699940204
-2.1234,-2.330354199362617
-1.4658,-1.4575379293352537
-3.1615,-2.894568023819134
-1.2898,-1.9052835047676566
-1.5367,-1.259391221755956
-1.6524,-2.05286159787991
-2.194,-2.3343918303095403
-2.3935,-2.964178151674214
-2.2157,-2.051526041998212
-1.3544,-1.288806942240516
-2.2224,-2.5976445041103835
-1.3305,-1.6414698122550746
-2.6738,-2.469814664916789
-2.6199,-2.7629409306173205
-2.7287,-2.757110642122437
-1.5607,-1.5971816397703764
-2.3492,-2.5641498077469826
-1.7081,-1.728585056045099
-1.9879,-1.9705221826109112
-1.9468,-1.6962927473789944
-2.4183,-2.327931837506396
-1.7206,-1.8698545238260982
-2.6828,-2.559503809439467
-2.6236,-2.676924573646147
-1.3853,-2.010594515373062
-2.0036,-1.548682034969424
-2.0732,-1.431317376666231
-2.3349,-2.366198605933732
-1.6084,-1.9174049306086578
-1.6216,-1.4258404512428142
-1.9559,-1.9657202467707795
-5.0,-2.383797455702384
-2.2804,-3.1894570466996726
-1.2255,-1.5318481423767119
-1.5603,-2.3427040551193956
-1.2042,-1.6604967329781624
-1.3415,-1.6191687723575898
-1.4094,-2.3505372167575462
-1.3388,-1.1697275478323688
-2.561,-3.1156443605354682
-2.0728,-2.5590562180673846
-1.3818,-1.0524797836325956
-1.6241,-2.1542619998022676
-2.5363,-2.604813765044791
-1.6242,-1.7519028268772783
-2.2617,-2.493437360417155
-2.3277,-2.2736360730320313
-2.6088,-2.491889989785361
-5.0,-2.689849965417433
-2.6891,-3.0935773740693264
-1.8945,-2.313056659243756
-2.9951,-2.7642793315482748
-2.7482,-2.33701785051197
-2.3203,-1.9163397910209594
-2.1348,-1.8652211820829763
-1.5566,-1.911450307952623
-1.3301,-1.7940042098077096
-2.4935,-2.4130015169185715
-2.7812,-2.4707093046522353
-1.4216,-1.6937363613483294
-2.0052,-1.7729375901284536
-1.6693,-1.5983050967589942
-2.2797,-2.2860114048198925
-3.0258,-2.5386405455732763
-1.8843,-1.8690326773174772
-1.6938,-2.0565644844087303
-2.2108,-2.341860793848678
-2.2672,-1.8701039576640777
-1.9957,-2.5306674552102493
-2.3485,-2.175421976069163
-1.8378,-1.7931285396598944
-1.5449,-1.5938670192314335
-2.2739,-2.4217621696297194
-5.0,-2.2622233134268486
-1.5266,-1.194981195435003
-1.4646,-1.884787710247419
-2.7369,-2.6816297399847837
-1.642,-1.6328617274062662
-2.0115,-1.9384968527951714
-2.5039,-2.5165888721315235
-2.2617,-2.416746605440517
-1.1618,-2.0454052713606883
-2.3486,-2.6173347175699133
-1.7798,-1.9065316106413346
-1.5338,-2.0958974762995872
-1.6965,-1.5536870022624856
-1.3272,-1.1953523361262843
-2.0899,-2.4962945074313385
-1.5156,-1.996780971349825
-2.5334,-2.454494883429461
-5.0,-3.4544674397090183
-2.3948,-2.7680159228342847
-2.5054,-2.598135713069849
-1.5797,-2.016902866071716
-2.0476,-2.2503215710830307
-2.4395,-2.143271534181223
-1.3388,-1.8794040425144447
-1.0305,-1.4694052046720985
-1.6951,-1.6963608624738231
-1.805,-1.9602730332905582
-3.0702,-3.1201258670848713
-2.2538,-2.0781035205118625
-3.0613,-2.2633331303504445
-1.5543,-1.6069759400648636
-2.1739,-2.286835144353074
-1.6326,-1.9899265733455969
-2.2257,-1.9567766713799515
-2.4667,-2.7850542415646284
-1.135,-1.8213602628149284
-1.9931,-2.5050880505717688
-1.8506,-2.38620185642213
-1.678,-3.0400902627306983
-1.8577,-2.3532887466167103
-1.5684,-1.7285837300171405
-1.4845,-1.5682910738375238
-1.4405,-1.2241135849569909
-1.8081,-1.7369829346503054
-1.6157,-1.4556052648300153
-2.3908,-2.404927552922833
-2.6333,-2.4773282216215486
-2.2731,-1.8854951492176386
-1.6849,-1.6975771980937477
-1.2802,-1.4381401678418038
-2.0434,-1.747591467743038
-1.3418,-1.6090490506903279
-2.6164,-2.0889554211835546
-2.4605,-2.220968857476808
-3.0308,-2.502823348095486
-1.6504,-2.4850386447824038
-2.5444,-2.4409566795661433
-2.4621,-2.244486564838776
-1.9403,-1.9253298642178693
-1.4042,-1.9456210665714055
-1.859,-1.9575893014707508
-1.9804,-1.8998164415015089
-2.3942,-1.9619319478468893
-1.6285,-2.2153160375111716
-1.4515,-1.6002390967616094
-1.6522,-1.351074113404918
-2.2914,-2.367220166523734
-1.514,-1.304009738019693
-2.3984,-2.1756786573868205
-2.4755,-1.9970585536995595
-1.8551,-1.7537496678122608
-2.3229,-2.165798206067356
-2.198,-1.7472753678221942
-2.1171,-2.339408987538719
-3.1477,-2.3600097864837157
-2.4545,-1.8933099238642388
-1.5589,-1.8328932650293317
-2.2365,-1.8923251473209008
-1.7778,-2.0809222000432466
-1.6149,-1.7745415011625
-1.2851,-1.728540544150553
-2.4916,-2.3238543173583253
-2.5958,-1.9632138833682589
-2.1882,-2.0979425368020594
-2.4135,-2.431316468855555
-1.9891,-2.1503029055048772
-1.6777,-1.6182414985450078
-1.9192,-2.437493210024048
-1.5702,-2.1950805568034686
-2.016,-2.0269024074009594
-1.2731,-1.7430408510171294
-2.5321,-1.9895708560307424
-2.8791,-2.474219276544792
-1.779,-1.4110818680854824
-2.1332,-2.1413589632286087
-3.0658,-2.1907583426308395
-1.7029,-2.045088958790284
-1.3372,-1.2819963500466995
-1.6052,-0.9156958277708536
-1.0922,-1.9143280451979323
-3.0361,-2.3970951055614185
-1.3785,-2.0627676976360947
-1.6943,-1.3318181772195716
-2.1904,-1.6802561599836965
-1.7918,-2.4470752524894728
-1.5426,-1.9175390993066257
-1.4538,-1.12343230349209
-2.2913,-2.2529251012992875
-1.6949,-2.1706299928850568
-1.9921,-2.0758736228767143
-1.7598,-1.5713043675896334
-2.2231,-2.353923675824225
-1.3676,-1.7816672324460372
-1.3734,-1.805678608679681
-1.4127,-1.6573002774615424
-1.9207,-2.048524953919485
-1.5275,-1.5060631906041886
-2.0995,-2.895485966644594
-1.8943,-2.588997351173941
-1.8224,-2.2159079256176835
-1.6938,-2.090902835312224
-2.376,-2.7935315314320484
-1.8821,-2.274033951597576
-1.0317,-1.5606889803024595
-2.8206,-2.1061415783422306
-1.2404,-1.535563892057483
-1.4709,-1.154836100077304
-2.1658,-1.6934715295868112
-1.3519,-1.0782779383421812
-2.8423,-2.758910328000554
-5.0,-3.5557494388483164
-2.5661,-2.0326476829109406
-1.6566,-1.583049676407909
-1.1548,-1.387266877662758
-1.6954,-1.7849885161124455
-1.6213,-1.3647706858628044
-1.7499,-1.8207388065714878
-1.4728,-1.5511349802159666
-2.0922,-1.9740522294341287
-2.0287,-1.9002292179329294
-1.5445,-1.3771673852820998
-1.3419,-1.2543545543324224
-1.8884,-2.0771456003103426
-1.4744,-1.3861992320080634
-2.0818,-2.183406448997653
-2.2648,-2.1366875827680096
-2.1201,-1.799302317067833
-1.2084,-1.7893619998752914
-1.69,-2.894222279664427
-1.619,-1.2815197153952125
-1.4254,-1.8431838424888123
-1.708,-1.736865346826191
-1.647,-1.5796217080143817
-1.5937,-1.4503714096453688
-1.3784,-1.4329166099693198
-1.9213,-2.1338884466250976
-2.0567,-1.4205257369633562
-1.8127,-2.0918541073674946
-1.3616,-1.589975530434939
-1.1963,-1.4877130371089264
-2.5439,-2.799098102830815
-2.3063,-2.63676872383901
-1.306,-1.6118688678289435
-2.4232,-1.8330350718664503
-1.3248,-1.2428533847554044
-1.5234,-1.9801883226843575
-1.2621,-1.3420463410252965
-1.7919,-1.538457253273172
-1.9012,-3.1074296792699965
-1.2392,-2.0236791977899142
-2.4427,-2.4470065629719295
-1.9315,-2.184269500760796
-2.5405,-2.3619904256880577
-2.3985,-2.301500328802547
-2.3462,-1.9201884322386034
-2.0725,-2.1187341401936783
-2.1673,-2.0011974750861206
-1.6783,-1.9955009714192473
-2.3357,-2.8285971677317443
-2.069,-2.7058253003907
-2.4175,-1.8199954451587421
-1.4342,-1.0092782541267207
-1.921,-2.303443368315879
-1.3773,-1.2376305918424162
-1.6799,-1.5029891079243523
-1.6081,-2.189609973611
-1.6723,-1.4511393472645144
-2.8232,-2.0087642690494643
-1.6399,-1.9889320046915855
-2.084,-1.8132373879465158
-2.0492,-2.383112115139356
-1.5334,-1.6339128582676443
-2.2161,-2.1369874534652977
-1.9271,-2.0447955462877356
-2.4804,-2.470688789018813
-1.664,-1.7577528396876492
-1.9855,-1.9531088959422949
-1.8017,-1.8676650110020292
-1.4629,-1.4746676341818268
-2.6573,-2.515451435294514
-1.8491,-2.1308941388518687
-2.0636,-2.9234278841368875
-1.5307,-1.552750801261633
-1.9796,-1.7019971952098583
-2.6965,-2.4824121083845263
-2.4206,-1.8151573349100958
-2.1255,-2.301544948447201
-1.7336,-1.5944039640800203
-1.6275,-1.2521138952924786
-1.4987,-1.5792850790183728
-2.6296,-2.629223156643253
-2.1969,-2.1693047306065054
-1.7744,-1.8739012844014853
-2.3108,-2.0103220743023558
-1.9673,-2.0924832511653695
-1.8365,-1.8365906777835626
-1.4832,-1.8814173887886778
-1.9695,-1.8421586016029616
-1.343,-1.7807002770616327
-1.4639,-1.5616070710257501
-1.8851,-1.9897529085355958
-1.5961,-1.393545130754441
-1.3833,-1.6821951133465893
-1.3367,-1.4606536914308008
-2.3513,-2.2796937989401553
-2.3643,-2.3052908476943434
-1.681,-2.810671336677281
-2.5229,-2.4648884817140653
-2.9342,-2.4269743206913534
-1.6912,-1.9031533073385711
-1.7416,-2.000742606566971
-2.5778,-1.6735893932283765
-2.5268,-2.0020392318161377
-2.0963,-2.0083271138796848
-1.6604,-1.841278604259628
-1.9848,-1.7626923058012198
-2.1495,-2.5608646992786688
-2.5718,-2.108935040260012
-1.644,-1.641467193155727
-2.85,-2.298259649622322
-1.3445,-1.2423633717972955
-3.164,-2.6259968288765907
-2.2236,-1.887947224500334
-2.1734,-1.6121886012874413
-2.1109,-2.2764760840660196
-2.1179,-1.7623288414811074
-1.8728,-2.2024659199439585
-2.2272,-1.6754183426387992
-2.0948,-2.0444619894444847
-2.2828,-2.7347009354461607
-0.98638,-1.8159150528360655
-3.0406,-3.212437874620388
-2.3551,-2.691442657076787
-1.3352,-2.0146383475850214
-1.6513,-1.9185343527595504
-2.7858,-2.483104280372215
-2.0656,-2.052427955061703
-2.7436,-3.110252907356924
-1.6891,-2.068405317036333
-2.1825,-2.1896661606295167
-2.4724,-2.418875292433484
-2.2042,-2.4475836319239024
-2.3414,-2.094915254833272
-2.1472,-1.8530056983343797
-1.2422,-1.125720530970186
-1.7652,-1.6130531612439125
-0.90233,-1.8417182167816186
-1.5365,-2.199513412999531
-2.2257,-2.2111630564023086
-1.3804,-1.7122367277954158
-1.742,-2.0804747997977873
-1.7818,-1.57789569946465
-2.5333,-2.2914256014971492
-1.6327,-1.8453782437807302
-2.2106,-3.199231051537507
-1.6444,-1.8036457651605182
-1.7291,-1.8456669080198773
-5.0,-3.0575044816526136
-1.7627,-1.8563734330315191
-2.8329,-2.8609376053828015
-1.0995,-1.7668525412795313
-1.6195,-1.9348054754322337
-2.7272,-2.4843639153693657
-1.3953,-1.2672603957883304
-1.4301,-1.6319101456527605
-1.934,-2.267273797315789
-1.1601,-2.5514100865425595
-1.8166,-1.3426119218893664
-1.4128,-1.3629464426204083
-2.0162,-1.8671609456212348
-1.3967,-1.5378331138884522
-1.513,-1.6463643588510344
-1.5903,-1.413766641952721
-2.2956,-2.5585627972679514
-2.3469,-2.346361004222646
-2.2713,-2.1878919618313244
-1.9728,-1.9177341654239735
-1.7406,-1.8702039952113816
-2.3637,-1.857619734807024
-2.9493,-1.9020746677599623
-2.4641,-2.948278119084941
-1.6324,-1.9838840094498253
-1.9613,-1.925118550924276
-2.0972,-2.0731004405964817
-1.562,-1.575890690629497
-2.4065,-2.0774831445065014
-1.5169,-1.5951680973192612
-2.2641,-2.007920162129597
-1.3223,-1.0834623822451848
-1.716,-2.11274809014566
-2.5191,-2.7871108848344432
-2.4035,-2.3144172775685097
-2.6127,-2.3120103888034462
-1.8814,-2.21890040593768
-2.0202,-2.5244749218438134
-2.0399,-2.544759343771141
-1.751,-1.8401851086762353
-1.0162,-1.1045961822882142
-2.3987,-2.443329330844106
-1.139,-1.4670027603644884
-2.6939,-2.5402070152925584
-1.965,-2.062103274761644
-1.7751,-1.8197511883605633
-1.9344,-2.5114098571703014
-2.4197,-3.038392727066909
-1.3847,-1.4037270818714966
-1.3092,-2.0667491224812617
-1.7629,-1.8036904699724632
-1.9356,-1.6887341104470752
-1.7628,-2.0366596172722233
-2.2698,-1.9546941832732505
-1.9831,-2.331338256267636
-1.5034,-1.7489890240883255
-2.1155,-2.0330536066889042
-1.7042,-2.0193720166252587
-2.151,-2.55464548720946
-0.96946,-1.3564364453622755
-1.5802,-1.670997900429563
-1.8091,-1.8594045432787805
-2.3736,-2.413162452145331
-2.7338,-2.4923217117111527
-1.4087,-1.4968371604311914
-1.3119,-1.7618655507597198
-2.1016,-2.3953758073590397
-1.6858,-1.476415714374072
-1.6556,-2.265827573659757
-1.8758,-2.0775809302170765
-1.1599,-1.2066102056886656
-2.1231,-1.7576929598091842
-1.8151,-2.189456603077439
-1.5841,-2.245405549800147
-1.8553,-1.9583832439867461
-2.3548,-1.9547635238427736
-1.2078,-1.9115229582932607
-2.6532,-2.0178086672505255
-1.1752,-1.576778447934208
-1.6163,-1.6851395795434394
-1.7364,-1.8949912420418134
-1.5603,-2.4633836427521816
-1.7611,-1.948630277861692
-1.2782,-1.5817797370966638
-1.8426,-1.6472281343210102
-1.592,-1.8766691827014208
-2.238,-1.9196637562036123
-2.6716,-2.853691833984962
-1.5229,-1.8693381804496312
-1.8106,-1.4444706412404968
-1.2578,-1.6017186367934853
-2.4388,-2.7707476782733
-1.5803,-1.928047804483486
-5.0,-2.940310529091418
-1.9818,-2.068448240946362
-1.7845,-1.9210305547348352
-1.738,-2.572833333366973
-1.7566,-2.2503923051839196
-2.076,-1.8051810465674265
-1.8656,-1.7822762722629344
-0.96194,-1.9297856541472305
-1.8556,-2.398419433109639
-1.2568,-1.125662925980922
-1.4697,-1.6344660713747658
-2.4696,-1.8170941071486375
-1.7295,-1.510914770959635
-1.7762,-1.6059605648720907
-1.2595,-1.1289914039382523
-1.2936,-2.075376175446154
-2.3534,-1.7566639149908783
-1.2022,-1.7397062161172547
-1.2356,-1.1093142858860006
-1.8194,-2.0493263448375276
-1.7554,-1.5943842366168886
-2.2273,-2.213360124232313
-1.3841,-1.5750851813039686
-1.9131,-2.1591875875090603
-2.6702,-2.637649505396042
-1.552,-1.603226623162421
-1.8784,-2.025086540056391
-1.8762,-1.8377489255832176
-1.2809,-2.2905566491576943
-1.4305,-1.3792713791546818
-1.9337,-2.2903780161590026
-1.9481,-2.065912786922591
-1.265,-1.4046800236542119
-1.7612,-2.000552593057142
-1.4048,-1.4323944918946583
-2.5337,-2.52959382819481
-1.4096,-1.6989109159697446
-2.2714,-2.7711642545924913
-1.8747,-1.9758202535389024
-2.3817,-2.15323549030139
-2.2918,-1.9710236178677567
-1.6609,-2.014929464612996
-2.1091,-1.7716918460394862
-1.3173,-1.8775140869152271
-2.1263,-2.0190428608077533
-1.2294,-1.7353358437213828
-2.1799,-2.3014852005832207
-2.6522,-2.4994213331778945
-1.8444,-3.1095613704411162
-1.5468,-1.4143279177514922
-1.5223,-2.298375916381895
-1.9749,-1.9421604448748904
-2.3014,-2.1183751226881844
-1.4871,-1.7766455195225919
-2.3609,-2.2357690269440513
-2.0263,-2.3344146417042575
-1.8655,-2.015103240358253
-1.5594,-1.7481123473600932
-1.9144,-1.767499587047058
-1.6318,-2.0406374928487834
-1.5014,-1.713327652224701
-2.7174,-2.535528493725317
-1.6019,-1.527774979336101
-1.2744,-0.7370561626810574
-2.6989,-2.178049522812956
-2.1094,-2.5470325787229764
-1.0514,-1.0721308716540179
-1.9417,-2.7139441382320584
-2.8143,-2.4646950816353503
-2.1842,-2.293129819464443
-2.0455,-1.9188606120422897
-1.3101,-1.8250324076727866
-1.5801,-1.773740169433683
-2.6432,-2.870769978988278
-1.7248,-1.5775378114036798
-1.8463,-1.7120446581371502
-1.7998,-1.8120281496480146
-2.1249,-2.161713867922975
-1.8487,-1.890774786866184
-1.4812,-1.7278695204988503
-1.4592,-2.2478513914061655
-2.0222,-2.1756034850004484
-1.5406,-1.4549789720562907
-2.9824,-2.5682859063217283
-2.6209,-2.0224325146149678
-1.0211,-1.2079175068487533
-5.0,-3.046447948408461
-2.3534,-2.430515031911135
-1.2561,-1.6847976362901353
-1.7803,-1.9716538516688686
-2.1221,-2.1029459189090427
-2.1005,-2.572951480510564
-2.5642,-2.4173060790798266
-2.6429,-2.5297710392923918
-3.0788,-2.588020855817774
-1.9759,-2.317863013687594
-1.86,-2.084275008983027
-1.7566,-2.223746721182307
-1.863,-1.7113955084910497
-5.0,-3.1443077659142853
-1.5184,-1.671791367538014
-1.8216,-2.0243383982283696
-2.6069,-2.2198058302881822
-1.0587,-1.8268099620783778
-3.175,-2.7929918213691693
-1.9915,-2.0361194847685766
-2.1025,-2.845072715611662
-2.1562,-1.9451033885273659
-1.8385,-1.55342147718331
-1.42,-1.204130307501511
-3.1241,-2.947057869601184
-2.3317,-2.388791233282459
-1.0504,-0.9280714810855719
-2.5588,-2.4966990629697134
-1.643,-1.9008309836175585
-2.2253,-1.9751270702191202
-2.3247,-2.893048835768547
-2.4555,-2.6599101611219838
-2.943,-2.305830501748659
-2.1175,-1.7452606991529556
-2.0495,-2.2804788378388228
-1.8094,-1.2716872819337048
-1.316,-1.2629727104245798
-1.1409,-1.1419532529817367
-1.7186,-1.7529554165402716
-2.3682,-1.3361180829668238
-2.7982,-1.92500709313448
-1.3058,-2.2096600769277734
-1.3192,-1.0583062021899967
-1.5857,-1.318327084325095
-1.369,-1.2917255831461916
-1.5964,-1.467140127654964
-1.6188,-1.8683854542152214
-2.6388,-2.5856950465880226
-1.7234,-2.140625689820684
-1.9743,-1.957280187112755
-3.2019,-2.941849463737565
-1.4542,-1.3243257770009742
-1.637,-2.143153212105625
-1.1198,-0.8756749742556182
-5.0,-3.0186317964362663
-2.206,-2.0780847963566145
-2.0541,-2.375492432278275
-1.1145,-1.9036443125969984
-2.0396,-2.0002757967879186
-1.8841,-1.9093653080564317
-1.6649,-2.0534057277685815
-2.8061,-3.075495308799229
-2.8082,-2.8803425745624325
-5.0,-3.8265350980619033
-2.3545,-2.1825021070874078
-2.8132,-2.610385818394085
-1.7944,-2.0447905269487947
-2.068,-2.081964539532159
-1.5955,-2.4310154131539066
-1.5814,-1.2990564754664202
-1.691,-1.676878999903055
-1.3532,-1.4849264791453194
-1.7642,-2.084802983170127
-2.5503,-1.9750202417568405
-1.9631,-1.889906148476939
-2.1956,-1.901220499427514
-1.3832,-1.589639335579172
-2.3899,-2.4267037672727962
-1.6214,-1.544051801361245
-1.7633,-1.5874358123250558
-1.5406,-0.8171420944400738
-1.5142,-1.5784689767580333
-1.7552,-1.510766154989882
-3.1995,-3.6122643110571477
-1.2691,-1.4422835092896036
-1.4634,-1.4668539141610841
-1.1272,-2.2464014389795737
-2.1574,-1.9445399025579788
-2.7314,-2.678410568173464
-2.1384,-2.652060037519022
-1.2061,-1.3580933889188358
-1.5812,-1.9360905968635558
-2.8658,-3.0191617471482464
-1.4666,-1.252033875922183
-1.9508,-1.4292099808394259
-2.4875,-2.1078908738718587
-1.3255,-1.9137167534985557
-1.5036,-1.8651726491723277
-2.2806,-1.9587862188463152
-1.1467,-0.826575573920592
-2.5588,-2.4477798445666252
-1.418,-2.0474383145955373
-1.4018,-1.2966245237420826
-2.1276,-2.165510624718576
-1.0814,-1.4124046257103922
-2.7243,-2.492986059462366
-1.2715,-1.688306015278871
-3.0218,-2.590499651455641
-2.1673,-2.1270438732116776
-1.68,-1.8260555402987622
-1.6155,-1.3283270850168707
-2.2172,-2.068661516991766
-3.0832,-2.54763750068069
-1.6237,-1.7463066458456045
-1.9103,-1.8053008405704152
-1.4474,-1.7164536264574148
-1.6421,-1.8711818321903175
-1.4205,-1.4662918227985462
-1.5861,-1.6148562569042373
-1.9256,-2.017463289171031
-1.8027,-2.134888085893793
-1.4787,-1.6782123969028369
-1.2217,-1.515241244693293
-2.1596,-2.3540417144867445
-1.3792,-1.9510714438435537
-1.523,-2.407303240086652
-2.058,-2.268795202708101
-1.8499,-2.105741428834213
-2.0229,-2.0460913282582207
-1.2765,-1.4701562491016311
-2.8335,-2.5697484072264594
-1.7454,-2.3061571909236407
-1.8802,-1.5873466942129557
-3.1744,-2.068696520480343
-1.9959,-2.2434154613872352
-1.8457,-0.662657553548222
-1.3298,-1.7378725383859168
-2.1009,-1.7931309978682548
-1.3534,-1.1614890772248967
-2.2135,-2.3431611680461923
-1.7741,-1.5382575124449764
-1.0757,-0.5613531774140215
-2.1674,-2.3793157287932782
-1.2591,-1.2039735614643723
-2.259,-2.640712934588942
-1.3005,-1.605777616111765
-2.1024,-2.023501760484537
-2.3225,-1.884626906840366
-1.5685,-1.4355368288113817
-1.4241,-2.126559648268134
-1.9371,-2.0663116941520947
-2.0661,-1.8704973821260953
-1.072,-1.7617577864954366
-1.2846,-1.452483360910891
-1.9474,-1.923441435640549
-2.249,-2.0332595001708955
-1.1292,-0.5712406034100106
-1.1773,-1.2645331483275735
-1.3024,-1.3399117034901504
-1.509,-1.3082104150166112
-2.5852,-2.2354942750748275
-1.8312,-1.9113936326063303
-2.0316,-2.312849774762661
-1.2887,-1.139592649529437
-1.8806,-2.3750601881625353
-3.1491,-2.8193413641620775
-1.8236,-2.2429111733903673
-1.2275,-1.6317342467246765
-1.9603,-2.6438644501644295
-1.3309,-1.9212616167075107
-1.3334,-1.6083346707672599
-1.2359,-1.3768920383093906
-1.7422,-2.359624562179419
-1.5901,-1.7041468919471328
-2.6384,-2.7468550405005567
-1.4371,-1.8246859374600017
-1.9427,-2.745997957114375
-1.3426,-1.945352932593599
-1.9297,-2.1603026454074064
-2.1388,-2.505615930079231
-2.4233,-2.05617979876233
-2.749,-2.8571283370179312
-2.9738,-2.6217407821852037
-2.1995,-2.037817047070732
-1.7472,-1.6552014872399528
-1.7077,-2.230457698602564
-2.4719,-2.2127608196285005
-1.8744,-2.1852393284108786
-1.8795,-1.7563983908069392
-2.8758,-3.053015118568898
-1.6935,-1.919140612428185
-1.3834,-1.8379836343462894
-1.5821,-2.0674834704828027
-1.6809,-2.4494009434037967
-1.3181,-0.887867263455083
-1.1831,-1.8795398909038108
-1.3833,-1.5195914515205533
-1.8165,-1.526466656866678
-1.8472,-1.9101278457656279
-1.8579,-2.2249016912185193
-1.2409,-1.5226508097719647
-0.79974,-1.6828568698566293
-1.7862,-2.098066528147549
-1.4925,-1.556669266949367
-1.557,-1.549493876115515
-2.6523,-2.2924075994745086
-1.6046,-1.939234720691109
-2.557,-2.3899348593498955
-2.5758,-2.5884514523411917
-2.3691,-2.3189212788707394
-2.0111,-1.9120099743105108
-1.2351,-1.4533496746076366
-2.2398,-2.3910328565462824
-2.978,-2.228194271853657
-1.7435,-1.8615347659584827
-1.2838,-1.9306990604452032
-1.222,-1.9642398955745537
-2.2056,-2.0909893899351086
-2.3109,-2.5913018169579454
-1.3265,-2.233135449506236
-3.1435,-2.8706399775182083
-2.3532,-2.155373000252031
-1.505,-1.5352293141559024
-2.0232,-1.7675617121967935
-1.6975,-1.8360167776871437
-2.4101,-2.6240765163147226
-2.0963,-2.5297463238234736
-1.4911,-1.2634277198157238
-2.1391,-2.4841272412912714
-5.0,-3.5994665689635217
-2.7388,-2.6688188367259538
-1.7712,-2.2298426913168696
-1.387,-2.0104357005439333
-1.4105,-1.0708764071337018
-3.1239,-2.781533785658887
-1.3788,-0.831937098442503
-5.0,-2.5456011846957103
-1.4746,-1.4938821802371391
-1.8986,-2.462766802880122
-1.9681,-2.1943578186141526
-2.5391,-2.441993685952817
-1.7886,-1.7817490488667145
-2.3273,-2.1843365573414233
-2.7033,-2.469903358102624
-2.7026,-2.60155283445885
-2.454,-1.9217295157998704
-2.0485,-2.2679895953311133
-1.2955,-1.4788903228296664
-2.9079,-2.395809042395525
-2.9136,-1.9334498435598302
-2.3375,-2.565626405188119
-1.94,-1.7137268824684733
-5.0,-3.0628686192104144
-3.0243,-2.6130267051427847
-1.7011,-2.016041633817556
-1.8532,-1.9732844533632665
-2.8934,-2.817670054114177
-2.0594,-2.197872712279091
-1.4247,-1.8615267757198382
-2.9495,-2.671360959334198
-1.2215,-1.46572984430947
-1.8242,-2.263291211709028
-1.7549,-1.9121791879968975
-1.9366,-2.0208866479287666
-2.8197,-2.4640619527078145
-2.1428,-1.536378025964073
-1.705,-1.7553316237228211
-1.258,-1.4612560331616147
-2.0491,-2.041567471609682
-2.332,-2.5858084982251093
-2.2602,-2.3327625201906645
-1.4701,-1.9624031812616392
-1.5386,-1.377942624359918
-5.0,-3.1564124539710288
-2.7763,-2.328249053559867
-2.8709,-2.370817436204571
-1.0155,-1.1901189390451468
-1.514,-1.961502441636061
-2.3709,-2.3296797151975492
-1.1487,-1.5252483283052451
-1.4887,-2.2466624218264784
-1.8375,-2.1978548672042857
-2.3783,-2.1672608192798797
-1.0427,-0.7549935335632787
-2.4652,-2.2761625620146284
-1.0863,-1.2194327217576428
-1.55,-1.1869103292097765
-1.2346,-1.6099853114507097
-1.9514,-2.0973233808271288
-1.8627,-2.2551531979203747
-1.9771,-1.6787244441406293
-1.6251,-1.6707205712690187
-1.5603,-1.8203005563400563
-1.1929,-1.1720226828067877
-3.0373,-2.3046898110217633
-2.1333,-2.4467864784010422
-1.2402,-1.5073196963133149
-1.2745,-1.3645675452480535
-2.1251,-2.227198139874145
-1.3542,-1.7448298377740736
-1.9271,-2.219347357189053
-1.5834,-1.2190350829360912
-1.103,-1.8110180816601056
-2.8207,-2.36043887228062
-1.7984,-1.929717724263573
-2.3355,-2.2106449836123154
-1.2483,-1.1741509457617867
-3.1311,-2.4687005119764924
-1.3273,-1.208287886564344
-1.5053,-1.4773943353251229
-1.4577,-1.1471384656703103
-1.27,-1.6504471217641037
-2.6058,-2.583718135733384
-2.3311,-2.3313253407027172
-2.5055,-2.41363469094347
-1.7969,-2.1683464471843394
-1.2546,-2.0005842966353677
-2.0323,-1.9651713714086134
-2.3801,-2.378596364591981
-1.5632,-1.5297891766860925
-1.7624,-2.152169816801915
-1.3183,-1.162692812000539
-2.3629,-2.481372359582403
-1.4167,-1.709618463558436
-1.6519,-1.380471745569941
-1.5615,-1.6493035505766374
-2.1997,-1.9263345734944377
-2.7681,-2.95171442714123
-1.371,-1.6098074128676687
-2.2745,-2.568624397712223
-2.3209,-1.9250106713964135
-2.0719,-1.9120559823247931
-2.7339,-2.6889372817919677
-1.5523,-1.553189479030218
-2.0462,-1.8903322398051292
-3.1635,-1.9621322732099147
-2.3641,-2.257405341081197
-1.8943,-2.053206434603318
-1.7452,-1.773781271513172
-2.0728,-1.5782892211740023
-1.7195,-1.5296597377796273
-1.3259,-1.8123606855147865
-1.7633,-1.455939289298776
-1.1219,-1.3244424666863446
-2.3813,-2.1722515485460905
-1.364,-1.8530574518476919
-2.2168,-1.8340107964409444
-1.4432,-1.9398102779122373
-2.2856,-2.133144700311915
-1.6398,-1.5714457577082004
-5.0,-2.2582184038573434
-1.4549,-1.9983960179832179
-1.9534,-1.8743176297020596
-1.6348,-1.6037372735278375
-1.6719,-1.5447846257380442
-1.2394,-1.0751140901953409
-2.246,-2.369547547348269
-1.4371,-2.0303575451044957
-2.8884,-2.7040729778133317
-2.1712,-1.9947274159869646
-5.0,-3.652939468553069
-2.7229,-2.890178928678165
-0.97743,-1.9292580419764016
-1.7741,-2.3068408048044073
-2.2529,-2.049356797296155
-2.1471,-1.8601511233737227
-1.7422,-1.6427537706352426
-1.4615,-1.6334326709257612
-2.1623,-1.9099171844440186
-2.0064,-1.8625268474206764
-1.687,-1.3036486820914388
-1.1291,-1.2750082334961927
-2.3028,-2.752566465687891
-1.9764,-1.7939900099628783
-1.9364,-1.6705074844909618
-2.1444,-2.1783395787054536
-1.3312,-2.118949437538337
-2.0244,-1.9756935310383688
-2.1131,-2.6055787069392142
-1.8084,-1.6024304265637892
-2.9797,-3.004699024390481
-2.1383,-2.636009303364629
-2.6316,-2.3627881506923143
-2.1444,-2.0857417215423473
-2.2697,-2.521882198397055
-2.0282,-1.8436832160022827
-1.4093,-1.2542177670742536
-1.4255,-1.361264313880933
-1.5037,-2.893183142577812
-1.3561,-1.0964859424775786
-2.1435,-2.1755106504677073
-2.3238,-2.775772598355867
-1.1702,-1.4889511927605399
-2.0015,-1.4449778150639285
-2.0546,-1.9673638091821908
-1.4738,-1.7668007609399898
-1.6075,-1.562207652718344
-1.9376,-2.1967968682844075
-2.1047,-2.012956420980523
-2.2496,-2.568150822445348
-1.7431,-1.5465944843020707
-3.1595,-3.034822479963453
-2.5027,-2.9722309409200225
-1.769,-2.100583687453399
-2.2668,-1.6194814767634742
-2.576,-2.5086376051956316
-3.024,-2.4094469711732174
-1.692,-1.622865427302365
-1.6494,-1.7520405100749419
-2.4301,-1.8589927284610765
-1.7173,-1.8402374146313734
-3.178,-3.618307571437599
-2.4859,-1.9109269104245072
-2.007,-1.909710099604269
-1.7908,-2.0194488349153707
-1.2626,-1.2345367989313851
-1.7104,-1.888058719780004
-2.2158,-2.529900455016173
-1.4445,-1.5408437648331945
-1.7672,-1.7815015724207393
-1.6876,-1.91462194583342
-2.6075,-2.0108117818115083
-2.3816,-1.9740118937323035
-2.6663,-2.204234858502272
-2.4472,-2.3657298550559656
-2.6977,-2.491238913062012
-2.4452,-3.0330671634277047
-1.2442,-1.6219846091844161
-2.1135,-2.126888966452821
-1.6348,-1.800890047383634
-2.4536,-2.2313099527727855
-1.4446,-1.3345395351305895
-1.9864,-1.7949535983931328
-1.3603,-1.1487121072161695
-1.3897,-2.052530071559149
-1.311,-1.0193835878708752
-1.5184,-1.4936539969993472
-1.7776,-1.685580073104527
-2.2009,-1.7836914167979994
-1.71,-2.606899830332903
-2.9962,-3.1552079234368073
-2.6856,-2.088089620703376
-1.6983,-1.6838381670693041
-1.861,-2.6082808220541214
-1.8089,-1.8433391667182333
-1.5542,-1.546733455389127
-2.3479,-2.3560566887615138
-2.3596,-2.556855714162226
-1.5575,-1.4332353615426974
-1.8138,-1.8054780479734673
-1.6808,-1.637218582767344
-1.499,-1.273163580148673
-1.8073,-1.4739242533191754
-1.7521,-2.055738053290349
-1.9414,-1.9381699354162145
-1.5104,-1.8086433508162134
-1.108,-1.5728447488888908
-3.0854,-1.8250070955963311
-1.6332,-2.2104030858491837
-1.425,-1.1122483654290949
-1.4328,-1.6209738964285565
-2.039,-2.2266082737929582
-2.1367,-2.5020996067003645
-2.077,-2.279945597023495
-2.0336,-1.7540697340425355
-1.6233,-1.9453399764846493
-2.0086,-1.7390312709138074
-2.8774,-3.1075182461607995
-2.3499,-2.105886919899509
-1.8667,-1.9886387423429608
-1.7828,-1.5515408694620305
-1.6066,-2.5556448561399483
-1.51,-1.6345204074383954
-1.9924,-1.9097106055465278
-3.0173,-2.471047223139447
-1.8611,-2.679137085651345
-2.1062,-1.749720273480317
-2.234,-1.9692112946728748
-1.7009,-1.7752706357784414
-2.0617,-1.7585598795758917
-1.5623,-1.7803741557280734
-1.614,-1.5620487235466294
-1.1992,-0.9631556823079053
-1.956,-2.001085618658295
-1.8317,-2.3171568701279703
-1.4719,-1.6525325702750802
-1.251,-2.2287296072765868
-2.1129,-1.966704642645557
-2.4419,-2.2605040426099077
-1.9929,-2.57155031976942
-1.6167,-1.5303304503609445
-1.5423,-1.3820279516031502
-2.1827,-2.0571350918627607
-1.8663,-1.9120080915335196
-1.6722,-2.2375698234384975
-1.8008,-1.7907248265000961
-1.9686,-1.9330033194623828
-1.2171,-1.6001431699615791
-2.3559,-2.1496402512172326
-1.2974,-2.5019754359886677
-2.6439,-2.463262071818977
-2.3226,-2.5692716688372914
-1.5316,-1.4741678662934388
-1.1828,-1.047667317396419
-1.5212,-1.647329394662541
-2.3813,-1.9508548052749686
-1.4905,-1.5213595589001714
-2.2741,-1.9027478845075028
-2.8345,-2.747723290763517
-3.0028,-2.894084510462506
-1.6835,-1.48667381271099
-1.1809,-1.1534797218714703
-2.6453,-3.2174746418043805
-3.3801,-3.027705633845454
-1.8311,-1.8272704229533254
-2.0649,-1.7803933878757137
-1.9433,-2.2214865827594696
-2.2623,-2.31011208058044
-2.124,-2.4318757734545944
-2.8052,-2.5000716275442922
-2.2015,-2.2506803200354413
-1.6885,-1.1853944129986855
-1.6345,-1.276413032226908
-2.0583,-2.3255932429090667
-2.1818,-1.7166501239246976
-1.7168,-1.532532667715593
-1.4557,-1.4032381516477712
-2.1897,-2.2832483103608583
-2.3415,-2.198511698879976
-2.4831,-2.397857674535345
-1.161,-1.233103749272933
-2.3273,-2.040583551625003
-1.2892,-1.3931996059057243
-1.3759,-1.6853691677795055
-1.4491,-1.561805407153242
-2.7273,-1.9558767582211647
-5.0,-3.2390975058809017
-2.4696,-2.832244951289592
-1.5174,-1.6253497622362776
-2.1198,-2.102997463007071
-2.1332,-2.061695637688862
-2.562,-2.2114900848559094
-1.7683,-1.519433497826611
-2.3399,-2.622459332776497
-1.2987,-1.9994105208809225
-2.7039,-2.09758099135699
-2.2093,-2.5183697928075093
-2.0521,-2.7295279290957835
-1.3164,-1.8643283149780854
-2.0667,-2.4529338807956838
-1.4875,-2.031105408991058
-1.8399,-2.082717922365219
-1.7893,-2.5082918562743743
-1.788,-1.7598067309285075
-2.4823,-2.306778190478805
-1.8314,-2.207354678614096
-1.5355,-1.42545950274437
-1.9718,-1.7979719803136403
-3.1782,-3.0598683606236965
-2.2429,-3.30163890864488
-2.5584,-2.1028448552376737
-2.5318,-1.958165648859615
-2.2675,-2.5256932262560223
-1.4164,-1.6814032890554893
-1.4753,-1.477127345298487
-1.9298,-1.8459463188248952
-2.8416,-2.3480117581079
-1.4087,-1.6405596104128697
-1.6956,-1.8044616222281329
-1.47,-1.2259380360153904
-1.6033,-1.5783815073090408
-1.8841,-1.8307452539268916
-1.4343,-1.3536052412267776
-2.4551,-2.233546212507893
-1.585,-2.3789893419373764
-1.8543,-2.035367205838393
-1.7977,-1.8697250551982822
-1.1767,-1.6476512800387952
-1.2381,-1.7084878359424844
-2.638,-2.4995188319047976
-2.9595,-2.2948888176726308
-1.9487,-1.965096825864705
-2.1288,-2.1142908384926313
-1.7264,-1.9594959576388835
-1.6398,-1.6109200113064686
-1.4293,-1.38074228285382
-1.1929,-0.661278655923063
-1.2155,-2.0135528208004994
-1.333,-1.6477620721693338
-1.1805,-1.5260356394976289
-2.4707,-2.4728981257091496
-1.5106,-2.269009976613836
-3.0133,-3.0891495308604444
-1.8315,-1.8650441011022907
-1.9551,-2.0206640182402547
-1.4019,-1.4404813221072035
-2.4344,-2.0091273833394054
-1.5798,-1.2288327942265105
-1.1766,-2.1711440861480527
-1.7734,-1.9142677915860702
-1.4553,-2.3850701951684874
-2.4432,-2.6844688055268913
-1.3382,-1.2210842597543994
-1.6689,-1.584891961091333
-2.3355,-2.2307885783103196
-5.0,-3.1370175358929773
-2.2825,-2.4417733015835172
-1.3741,-1.1874338612562019
-2.051,-2.0565074439024404
-1.5284,-1.165379986923069
-2.0984,-1.9842978188832125
-1.4022,-1.419518426383584
-1.3918,-2.160172266577299
-2.9247,-2.674888469385163
-1.2882,-1.888921319750696
-2.1828,-2.042510214716075
-1.1272,-1.9951494840051363
-2.3823,-2.143851176664944
-1.0838,-1.509761792626255
-1.8322,-1.94991993318462
-1.6465,-1.6003934360789251
-1.621,-1.6246228173466555
-1.9633,-1.879211328606755
-2.7918,-3.1747198122430804
-2.0783,-1.9403371934959535
-2.5348,-2.0227316798514776
-1.7023,-1.636919465959066
-0.9924,-1.0980110775213605
-1.9351,-2.1185304231244113
-2.1707,-1.9667821399228396
-1.2547,-1.1938575792146053
-1.8921,-1.4173685021683755
-1.4963,-1.507802722850478
-2.3654,-2.0846029129212114
-2.4327,-2.4142145068542713
-2.4902,-1.831260932369334
-1.421,-2.2426695930162874
-2.407,-2.300496616129036
-2.6346,-2.1719153395704844
-1.4935,-1.6816699968272957
-1.4874,-1.666882891593885
-1.2548,-1.6060144534325413
-5.0,-3.759611246564594
-2.5997,-2.7155099878876205
-1.568,-1.702202691591741
-1.3127,-1.4890865558204207
-5.0,-2.8897120452407297
-1.4028,-1.3547283499106118
-2.4279,-1.9831247409281443
-1.2939,-1.373914056506237
-1.4936,-1.5480643105268999
-1.7712,-1.2481945899748133
-1.3189,-0.7035231389309458
-1.945,-2.6018236282212444
-1.1124,-1.2600475359843335
-1.6541,-1.6723282900838479
-1.7131,-2.2943000732055467
-1.8584,-1.8250875021551516
-2.0132,-1.9675394969583009
-1.4716,-1.6959793934456031
-1.8607,-2.237535329111717
-1.4785,-1.3652520103790522
-2.7633,-3.327629385330903
-1.7972,-2.133851424984503
-1.9585,-1.9921422223863443
-2.5903,-2.1276462358493995
-2.0886,-2.4820462223137882
-1.2852,-1.3954827595815749
-1.955,-2.4645720354610963
-1.941,-1.8040206065193145
-1.239,-1.3476206574871896
-2.3495,-1.5691043869587762
-1.2174,-1.6990104783396365
-1.5427,-2.3002822696823197
-1.5072,-2.0513703869017776
-1.3377,-0.9439455758008792
-1.2745,-1.326976660840331
-1.4936,-0.8657715770430363
-2.1398,-2.2407910940585367
-2.3867,-2.5914645052103342
-2.6742,-2.349884698221263
-1.3495,-1.2689563637486856
-1.9591,-2.159271858462063
-2.133,-1.8810532354369283
-1.457,-1.3331454509345524
-2.2168,-2.490178895339482
-1.1306,-0.7372316247051258
-1.5046,-2.2340185862394826
-2.069,-2.2753688771520846
-2.6179,-2.9549166061549146
-1.1979,-1.469901507431832
-2.4985,-2.349985409009107
-3.0419,-3.0592821492208877
-1.7462,-1.696461091146767
-1.787,-1.8031516642439835
-1.9128,-2.214974600170495
-2.3651,-2.165649280906139
-1.4316,-1.8825973407664676
-1.4708,-1.522946226507425
-1.0792,-1.2994282800425119
-2.6695,-2.3128870137555952
-1.3076,-1.4043300321533327
-2.589,-2.2472926606870414
-1.6386,-2.4168362714674854
-2.3073,-2.060559132044834
-1.1491,-1.567661025545764
-2.3313,-2.290029919316389
-1.3828,-2.2955356020618076
-1.3291,-1.4864293077642508
-2.2559,-1.9434269179051835
-2.284,-2.3382519257051673
-2.4311,-2.120395596787566
-2.1347,-2.112306730144187
-1.3726,-1.046017242752746
-2.4615,-2.1365981717868276
-1.683,-1.6985462116218126
-1.3714,-1.6441496209864512
-1.9776,-2.6488905837259775
-2.5176,-2.5939338197164146
-1.3928,-1.653495782826695
-1.3663,-1.7508548554929417
-1.7745,-1.8292245414611334
-2.6105,-2.2534692216710503
-1.0066,-1.6625452132244676
-1.2191,-1.9277108379119328
-2.3993,-3.333097161904999
-2.0531,-1.8278544313790261
-2.5771,-2.8277035062458005
-2.0609,-2.0424521636098945
-1.7237,-1.6507971091723672
-2.2364,-2.1353165493683712
-1.2923,-1.1146190984038975
-1.2881,-1.0442360660226413
-1.9357,-1.548352146587509
-1.3234,-0.9260848657051624
-2.1429,-2.446489198372817
-1.5324,-1.8197848640879066
-2.854,-2.72539760948093
-2.89,-1.862030080624696
-2.551,-2.697762649709746
-1.848,-1.7011390190412543
-2.2497,-2.451312711869991
-1.6009,-2.579337652682725
-2.0059,-1.749447723598696
-1.7002,-1.458194625540441
-2.5864,-2.2929000075189774
-2.8377,-2.5853265293769736
-2.1359,-1.9804992473864127
-2.2624,-2.2390947540894954
-1.619,-1.7403322035213409
-1.5637,-2.2632267291250865
-1.4127,-1.3752825327146392
-1.5671,-1.8614442219413407
-2.4642,-2.4242527528602524
-1.0911,-1.7602777410725268
-0.82277,-1.1650369438000943
-1.8845,-2.646591519224015
-1.6838,-2.0682920391583157
-1.675,-1.808159882933956
-2.5106,-2.3128412511133263
-2.2941,-1.9226126343935488
-1.7792,-2.4191101805022037
-1.7638,-1.4303879944650455
-1.7257,-1.9367557487126528
-5.0,-3.284988853795772
-1.6094,-1.9397918553101536
-2.1701,-1.650053459865847
-1.4036,-1.50692604815402
-1.3788,-1.439020181922627
-1.414,-2.068553612323066
-1.8761,-2.4484336472950874
-1.5163,-1.62804100022025
-2.119,-2.2946723054719507
-1.1526,-1.7508696667182253
-2.0566,-2.305410402910216
-1.8495,-2.1401009030969216
-1.2096,-2.075992301689784
-1.2485,-1.4695302383173132
-2.7826,-2.5606346246753735
-1.5497,-1.8639001906299375
-1.9536,-2.7177307303935674
-2.2653,-1.6490666281949866
-2.0999,-1.829892814432343
-1.4085,-1.396984950492833
-1.8199,-1.6940741106992832
-2.1913,-2.148018192073145
-2.8613,-2.3628239658413306
-1.2476,-1.2688187713966224
-1.6486,-1.7154855294881464
-2.4469,-2.0723254805401217
-3.2184,-2.6294204993755703
-3.0132,-2.0150693007135407
-1.8489,-2.122626288620362
-1.8089,-1.8570540719075073
-2.7681,-2.3800821754333077
-1.3309,-2.115363449639084
-2.0641,-1.692805024168376
-1.6802,-1.9975787746578364
-2.4179,-2.719264229748783
-1.9447,-1.8182323365912305
-5.0,-4.022492879974193
-2.1996,-2.1675116382051405
-2.0903,-1.7545005210585558
-1.9265,-1.936855138413217
-1.8025,-2.1045892322962727
-1.3823,-1.8966553370263184
-1.8414,-1.7125204435217851
-1.9899,-1.66337004806971
-1.5629,-1.6497207769129214
-1.6812,-1.9495373845738138
-1.7124,-1.6953419934140372
-2.8045,-2.286873297754808
-2.8161,-2.503527236621854
-2.3579,-2.5224760039730736
-2.2116,-2.0444104395274385
-1.6192,-1.6605021788276522
-1.1834,-1.1577536997670204
-1.7457,-2.4579008859947686
-1.4085,-1.726759983712706
-1.6064,-1.9312501181119717
-1.662,-1.3988257276815814
-1.611,-1.2278833317389641
-1.7063,-1.3702555712584243
-2.7703,-2.250963641752705
-1.6715,-1.788596442242915
-1.5331,-1.9802953782819712
-1.4017,-0.7474990806105752
-1.1239,-0.9710554997883825
-5.0,-3.244105670766264
-2.5893,-2.2174168851725127
-1.1583,-0.7796865563148916
-1.4051,-1.6238779720902259
-1.4397,-1.6701608803740413
-1.5752,-1.5682123301527768
-1.6479,-1.754202959019116
-1.2842,-2.2207679892087935
-1.4648,-1.8041466782670175
-3.1445,-2.4170550780082465
-2.1454,-1.9760163282845205
-1.787,-2.0606707648236027
-2.424,-2.0912735525878015
-2.915,-2.50220919910494
-2.4993,-2.2255836566872786
-2.1496,-2.1783458169164773
-3.0056,-2.4734210984155145
-2.2461,-2.0738059484584124
-1.4058,-1.9891660499938257
-2.6711,-2.38277247962641
-2.5467,-1.8599377113421407
-2.3534,-2.479100796666267
-2.2629,-1.8474785040177848
-1.9986,-2.194958846883427
-1.7553,-2.026712651893853
-1.1589,-1.9441952137473464
-2.0128,-1.7900006909664636
-1.6759,-1.6554984634061047
-2.201,-2.5818797561740663
-1.6276,-1.752338989704566
-1.2961,-1.4491064174955193
-3.1329,-2.587834855632085
-1.4151,-1.4633749845903092
-1.7286,-2.147585265641117
-1.9035,-1.6809004766211022
-1.2419,-1.3440622555850157
-1.6783,-1.9943355542650223
-1.8105,-1.5334368462569574
-2.476,-2.833987677225285
-2.3304,-2.121495956119829
-2.7569,-2.6626910494610874
-1.2053,-1.7296162231398688
-2.2906,-2.5358909765784388
-1.9235,-2.223031263236069
-3.2475,-2.407637896961077
-0.70481,-1.5013152189579166
-2.4566,-2.4506694966261824
-1.824,-1.7636686306462868
-1.9549,-1.983937750630067
-2.2794,-2.2064937309687833
-2.3627,-1.9521421912025267
-2.0722,-1.880111881286774
-1.0942,-1.6029892789197846
-2.0788,-2.33178572048359
-1.6689,-1.9351434964397518
-1.5972,-1.7809305537973021
-2.4756,-2.7259007897406025
-2.2882,-2.6632968239627988
-1.6499,-1.8234282394474808
-3.1268,-2.7169032199261203
-1.3116,-1.6646228957572418
-3.2601,-2.5577694436119005
-1.3702,-1.7082105621878287
-2.0395,-1.821879519623701
-1.878,-1.7109303602369654
-2.0009,-1.7573480396989285
-5.0,-2.8233671279584103
-2.1578,-2.606263000483444
-2.0375,-2.2860247043220796
-2.413,-1.7701998301202753
-2.1833,-2.1374753075280646
-2.0673,-1.8567329340694716
-2.8973,-2.9784228773762798
-2.8871,-3.0131361909893033
-1.6509,-1.8426113451862953
-1.4205,-1.5093089606021044
-2.5741,-1.8826091809253742
-2.2513,-2.5013926596261666
-1.714,-2.1422555503659413
-1.4936,-1.7922378691190164
-1.7362,-2.016765364836144
-2.1732,-1.9728013562245648
-1.7469,-2.1074208856460435
-1.8224,-1.8672064736682628
-1.3863,-1.6253036644141003
-1.8707,-2.3151152448520667
-2.2718,-2.674376147482383
-2.2551,-2.0514393952932863
-1.6832,-1.3749353333196352
-2.5837,-2.864111305941254
-2.0431,-2.0494804595527825
-2.2551,-2.364197593302405
-2.3328,-2.577512104844387
-2.1263,-2.6907130753848643
-2.3686,-2.388667464102004
-2.5945,-2.821167563573565
-2.1158,-1.5220021588451123
-2.5412,-2.515553223141339
-2.2635,-1.7715321253458443
-2.5252,-2.0712639169260645
-2.9058,-2.481330988464585
-1.4339,-1.855929198265519
-1.6215,-1.6319540818169198
-2.6788,-2.2414237563951622
-2.1962,-2.311812026429961
-1.8441,-1.6392487064616093
-1.8131,-1.5538543057401013
-2.1865,-2.163683639221554
-2.3186,-1.8186419243909009
-1.7312,-1.7732086425399938
-1.3516,-2.007046266310118
-1.9494,-2.025555025901514
-1.4734,-1.6710361790819614
-1.0587,-1.0312151278029025
-2.2293,-1.884255891520386
-2.0694,-1.6023763652327396
-1.565,-2.0273404129031802
-1.3639,-1.6369913736661228
-2.2823,-2.04947187203166
-1.7304,-1.9126884314288475
-2.2751,-2.1600625762444006
-1.689,-1.5946592334229408
-2.7033,-2.392391227490129
-2.6948,-2.620389273411935
-2.0201,-1.7631970292676744
-2.1818,-2.0520310845654106
-1.7459,-2.050159531018753
-2.0708,-1.8448737158018755
-1.4507,-1.3752731050559455
-2.7722,-2.5529545020670916
-1.1209,-1.2591551599875976
-1.7696,-2.0201545657061772
-2.1738,-2.0050839603931885
-1.6797,-1.575454940114049
-2.388,-1.9701668959472982
-1.9191,-2.1254258992419506
-1.4522,-1.8707956445535352
-1.4292,-2.011194885763842
-2.127,-2.1644725747003117
-1.4933,-2.07111674028324
-2.2907,-2.0472690062846315
-1.4151,-1.5190676961508447
-1.5011,-1.0981486664137066
-2.5602,-2.247112781479892
-1.5532,-1.4390124073970894
-2.5047,-2.0828599061597157
-1.2647,-1.651832619559871
-2.563,-2.234625115897982
-1.127,-1.3601174243364615
-1.869,-1.6472313021772755
-1.3127,-1.5676694198175383
-2.0867,-1.8290080096808787
-1.1567,-1.0676290390107765
-2.1564,-2.6431819121394096
-1.9316,-2.205619183660924
-1.8566,-1.8777893491587516
-5.0,-2.554238037651246
-1.1912,-1.2581098012530743
-2.3194,-2.4848852550610685
-2.2924,-2.2311679514849043
-1.8911,-2.4101035272323013
-2.2921,-2.24433642143519
-2.0059,-2.279993185442076
-1.2925,-1.5391042467816527
-2.1747,-2.2381820803611916
-1.499,-1.021775862512953
-2.8992,-2.3819478997101147
-3.2169,-2.640094106221548
-1.079,-1.292406225759718
-2.2667,-2.0306175781768876
-1.7032,-2.3969987053505113
-1.9933,-2.138861048861932
-1.3148,-1.340658269813239
-2.5849,-2.540481134188564
-2.234,-2.473165134964447
-1.6103,-1.7268849322107065
-1.8032,-2.461113586912405
-1.6944,-2.706172500279477
-2.1255,-2.2444274340941215
-1.6726,-1.975301769382385
-2.1204,-1.638930065254956
-2.859,-2.6319523946732124
-1.378,-1.2370631746394063
-2.3693,-2.4742964347672074
-2.1005,-2.455954985591921
-2.2516,-2.2219618453932464
-1.6826,-1.8135889820975624
-1.7086,-1.2653171997029147
-1.873,-1.9342979193595122
-1.9787,-2.697146704542911
-1.5191,-1.8700415687403438
-1.888,-1.8044325318256482
-1.2656,-1.248593202201532
-2.0312,-1.8136694373188713
-2.3754,-2.562878949623383
-2.5906,-2.474631841592008
-2.5992,-2.2846140911511936
-1.7891,-1.8591735094064976
-1.338,-1.2829314025358742
-2.4046,-2.659255824155308
-2.3056,-1.5917673831968648
-2.0927,-2.4740144996519673
-1.4634,-1.444987649210384
-1.8242,-2.063287014431539
-1.6169,-1.5381403726520542
-1.091,-1.289790597076597
-2.5335,-2.3544826240344383
-1.6351,-1.80861197032917
-2.0243,-1.8763210034020044
-1.299,-1.8434431038803247
-2.2974,-1.6322473291227675
-2.0082,-2.239596785050991
-5.0,-3.2436795831988636
-0.79785,-0.6062479034907513
-1.3993,-1.8088674206625042
-2.5114,-2.142142156354056
-1.8231,-1.6447571600342683
-1.8282,-2.3332001746969198
-2.2054,-2.461904174701037
-2.1682,-2.1104606137719664
-1.5465,-1.383197090230267
-2.2862,-2.290794204002069
-1.9784,-1.7513849006629452
-1.9866,-2.346468646165427
-1.9158,-2.232818722258548
-2.3587,-2.2495991111080014
-1.9644,-2.219793228097884
-1.737,-1.5572003735250215
-1.8764,-1.7374574689475613
-1.531,-2.3073757820113805
-1.9314,-1.9775385947857065
-2.2077,-1.8511911708046198
-2.6769,-2.675406501846684
-1.2015,-0.947693099350021
-2.4465,-2.4152914267721033
-1.2862,-1.1292064545170044
-1.6292,-1.8888607802705137
-0.95556,-1.5359995229029035
-2.4824,-2.528732536495199
-1.63,-1.6044641848508072
-1.4054,-1.6388130860415862
-1.3822,-1.2845682252959079
-1.9267,-2.052926774529891
-1.6423,-1.898364303357039
-1.9851,-1.8613276123152178
-2.3679,-2.134638008837315
-1.6969,-1.608776941247951
-1.1641,-1.2952242917266197
-2.4309,-2.39032538029073
-2.3004,-2.1567795528827536
-1.5895,-0.9467083037929862
-1.5986,-1.6739575603536359
-1.7441,-1.6167270087987449
-2.2861,-2.397113109939364
-1.1414,-2.15175114599207
-3.0952,-2.2157180557026814
-1.3215,-1.618738438067961
-1.7707,-1.5651658806742228
-3.0994,-2.325556514144692
-1.1973,-1.9337692756948306
-1.7202,-1.7633420020450763
-2.8897,-2.3937668626476865
-1.1594,-1.1324443653221912
-1.4221,-1.4417240385848062
-1.7048,-1.5703008242270649
-1.8127,-1.6116013439012933
-1.872,-1.842752790602887
-2.772,-2.511184039982372
-2.5404,-1.7762742101841908
-1.7061,-2.14614706824497
-2.3373,-2.519882921416965
-1.4684,-2.361699386955514
-1.863,-1.6221064454604626
-2.9109,-2.7362127928358495
-1.485,-1.536028947449623
-1.1519,-1.0819770777912983
-1.8398,-2.43628216259002
-2.2684,-2.2530322387384167
-1.879,-1.991186332378559
-2.5432,-2.7911919183616627
-1.305,-0.9788653564592873
-1.8381,-1.5845688843902996
-1.3286,-1.3445742886864387
-2.1067,-2.596416917973933
-2.2239,-2.064501939975658
-2.2163,-2.030994339178562
-1.5023,-1.7475394781557134
-2.0127,-1.8823745167268278
-1.1262,-1.9211422410531471
-1.3072,-1.5841697377594433
-1.9432,-2.8653488516235894
-1.8043,-1.999557108595968
-1.1663,-1.335852936978044
-1.7438,-1.531452628684172
-2.824,-2.9338228475585795
-1.3261,-2.106259169114316
-5.0,-2.6357784802163895
-2.2357,-2.0752335831095614
-2.0593,-2.3714077241584013
-1.2558,-0.9685947815475313
-2.5548,-2.474108606690621
-1.6531,-2.2733079928446323
-1.8367,-1.8817227201546367
-1.8606,-1.4592031608974882
-1.3488,-1.5528738459285418
-2.0142,-1.8855779675467816
-2.7758,-2.083750806480166
-1.1458,-1.33037007758379
-2.109,-2.0399807014678246
-1.8304,-2.3915991433029613
-3.0367,-2.522470888509217
-1.5816,-1.5196467895583845
-1.968,-1.9167375559591617
-1.2046,-1.7948332238836815
-5.0,-2.965853677937096
-1.7951,-1.9148396493845041
-1.1063,-1.4327250083923584
-1.5782,-1.8658427799346113
-2.6378,-2.20980136229067
-2.9989,-2.5237588120880656
-2.2762,-2.12773130565137
-2.2126,-2.138525649517366
-1.0713,-1.417017707159117
-0.99931,-1.0833719341552337
-2.1825,-2.3405898545653567
-1.3157,-2.3194304444722738
-2.8917,-3.056252814920925
-2.4459,-2.2213066596870132
-1.4053,-1.6135911561385685
-5.0,-2.782877034847383
-1.7279,-1.823508183547202
-2.7528,-2.079872142822265
-1.9812,-1.8439507822630252
-1.6284,-2.0247170628123183
-1.8676,-1.9793984376045648
-2.6451,-2.0481302068014844
-1.9973,-2.4099726317331776
-1.2539,-1.6712383719101336
-2.1744,-1.5726787442398054
-2.3348,-2.2169438339418273
-1.9079,-2.2900451716456303
-1.9986,-2.5397300853916573
-1.5978,-1.5605520876937442
-1.1831,-0.8704275778698578
-2.1484,-1.6403759534653677
-1.4116,-1.5052576795565675
-1.2356,-0.8319970767031515
-1.3217,-0.9728921075722912
-2.0464,-1.4789205682209459
-2.4957,-1.9377281883885022
-2.2336,-2.4109455396997523
-1.3311,-2.1791003060663727
-2.3375,-2.2606530297817735
-2.4626,-2.4695373259810824
-1.287,-1.768710265649845
-1.6129,-1.3652044579352525
-3.2373,-2.7841015806252525
-1.0335,-1.2520469689710225
-2.6621,-2.205574160323229
-1.3635,-1.5546276890710322
-1.9531,-1.9662531996132429
-2.5042,-2.1191571982588
-1.4994,-1.741393848952532
-1.7161,-2.029773140752386
-1.1568,-1.7504349478220393
-2.0978,-2.4027185456614495
-2.1551,-2.431007469047734
-3.2452,-2.7898062336503164
-2.8294,-2.497365716140969
-1.1124,-1.3314107790075584
-1.2188,-1.319089092067226
-2.7248,-2.6531109091410805
-2.6814,-2.996915470393187
-1.8637,-1.7965871771904336
-1.7545,-2.077392299639776
-2.3171,-1.9842788536011722
-2.804,-2.415918044446067
-1.7749,-1.6448366874522447
-2.0225,-2.0055267599511115
-2.2471,-1.6467722277536974
-1.7631,-2.6180529862378177
-1.9071,-2.2840601039182333
-2.0738,-1.613204270557267
-2.1097,-2.2179865792597147
-1.4554,-1.5929187563022085
-2.0493,-2.701462526946389
-3.1165,-2.8281493928748023
-1.4099,-2.426298563386917
-3.0277,-2.394321415334876
-2.4823,-2.519957353648109
-2.2274,-1.6710181514790425
-1.8181,-1.6194503666601892
-1.4713,-2.4476483686976724
-5.0,-2.66652694718091
-1.2851,-1.7302067130495236
-5.0,-2.1004769468278908
-2.8755,-2.181559217198118
-2.134,-1.67281052946226
-1.5415,-1.865376052710107
-5.0,-3.280816607849859
-1.2922,-1.4761710715272485
-5.0,-2.307622136441569
-1.7275,-1.682316643465444
-1.981,-2.2170831543251346
-2.2258,-2.2416862585916566
-5.0,-2.455611642216258
-2.9552,-3.114495597391868
-1.4976,-1.1129005256307285
-2.2814,-1.911430805017184
-1.7523,-1.7157375852165728
-1.5683,-2.1635560308240827
-1.3879,-1.66003539962093
-1.7929,-2.0735292129153824
-1.9026,-2.206608399753944
-1.7794,-2.118507566039565
-5.0,-2.883298901881747
-1.2663,-1.6894925764457527
-1.7926,-1.4671464607978364
-1.9609,-2.2171645254281054
-2.2032,-1.5422747540406174
-1.7985,-2.602122883828475
-1.6223,-1.2505610841693868
-1.4346,-1.1361066738100694
-1.6385,-1.6247574379334249
-1.5887,-2.197265792218295
-1.952,-2.3883388981030795
-1.9132,-1.9367949159881377
-1.2663,-1.1385490338228577
-1.9788,-2.1027662820869955
-1.9372,-2.3102634892123177
-1.0306,-2.273017819542609
-1.8417,-2.0437041930812803
-2.1388,-2.3150434138119547
-2.1544,-2.6381000817138265
-2.8403,-3.074721018167318
-1.8823,-1.7576617052669026
-1.9385,-1.97880525870468
-1.5204,-2.4576387523124334
-1.3499,-1.4867781636964654
-2.1368,-1.5352232138011637
-2.359,-2.3018091163657024
-1.921,-1.8594806695228099
-1.2795,-1.027338508633481
-0.93302,-1.5131186479039385
-1.7082,-2.1795697607892834
-1.3094,-2.0845407760721812
-1.5093,-1.7143263424880364
-1.0734,-1.964905537478424
-1.4096,-1.7162131855692058
-2.6687,-2.7876885063618904
-5.0,-2.4430013319137385
-1.6187,-1.130932031544825
-5.0,-2.1135472499415213
-2.4875,-2.4416287314022647
-1.2878,-1.80356230137649
-2.177,-1.9035258246527194
-1.6583,-2.488863368124863
-1.2428,-1.8908309134587504
-3.1303,-2.4168539645202616
-5.0,-2.8659445446140226
-2.187,-1.957784188991385
-1.3375,-1.8716741990063233
-1.123,-0.8301830099867888
-1.9836,-1.5499721829893311
-1.541,-1.794173562789779
-2.8252,-1.9247546506561144
-2.5899,-2.5822500019872914
-1.8484,-2.1484832145938992
-1.8421,-3.0606086170440427
-2.0473,-1.9519968574840836
-1.5068,-1.5055675749843527
-1.9361,-1.700006463127245
-0.91037,-1.6312171820525834
-2.8399,-2.6957431087043053
-2.3587,-2.180169192921931
-1.8204,-2.2099703794283663
-3.1061,-2.3858471757575894
-1.631,-1.401720609989123
-2.6334,-3.444610109776418
-2.2301,-2.1113110328893243
-2.1289,-2.1093894392651804
-2.035,-2.597131020864713
-1.4872,-1.7939537068085465
-1.9382,-2.25306349405912
-2.7463,-2.3838656239541143
-2.4553,-2.5816328526664796
-2.2649,-1.9229365862693648
-2.4793,-2.179080486568318
-1.9727,-2.254015586561005
-1.1643,-1.5689842110935173
-2.9034,-2.409550819338099
-1.5453,-2.2783462119462286
-1.9508,-1.881633127389695
-2.0841,-2.134256049023851
-2.2883,-2.4675125523838104
-1.4744,-1.2880949097555288
-1.71,-2.124404361131514
-2.1956,-2.01039115441524
-5.0,-2.966763628047164
-1.4153,-1.8547570931849633
-2.1724,-2.470667095338367
-1.7905,-1.6268903634342042
-2.288,-2.0031536078857783
-2.194,-2.101946169107142
-1.1323,-1.5068162106514302
-1.8649,-2.611621528025205
-1.7871,-2.0076872308684575
-1.6016,-1.7446734792738832
-1.0936,-0.7360211877803375
-1.1368,-1.4407822616286285
-1.913,-1.886770858892722
-1.8863,-1.6382249154876853
-1.6798,-1.4572662935187213
-2.3703,-2.3317497174267934
-1.9268,-2.1181386638927466
-2.1512,-2.202668728737344
-2.4794,-2.1392635991864806
-1.7078,-1.8788437742648814
-2.1596,-2.034636422677907
-1.5645,-1.4406693313400745
-1.6268,-1.7206311178799663
-1.5433,-2.311322885357881
-1.5396,-1.1958041470152767
-1.9031,-2.111218723825304
-1.7889,-2.10719509326703
-2.4715,-2.1427447216200806
-1.3466,-1.500334018319864
-2.4806,-2.652909606267194
-1.8515,-2.621313258791467
-1.3121,-1.9732702586678816
-2.3125,-2.3474100658839783
-1.762,-1.628725791882737
-0.8253,-1.7112808926461724
-1.6691,-2.006729702433976
-2.5727,-2.670339372372361
-1.3935,-1.310412337648433
-1.3036,-1.7248265121658708
-2.3936,-1.9086644413916016
-1.4135,-1.0649900359322788
-1.5875,-1.4311955033568653
-2.2312,-1.7931242457515228
-1.6111,-1.2190183648141404
-1.9765,-2.2041254179382106
-1.872,-2.0730184876559665
-1.6487,-1.2329789815906602
-1.5525,-1.7628948669472932
-5.0,-3.2169095147637963
-1.5829,-1.6208259806583962
-1.6942,-1.8810694326363286
-1.882,-1.7446377421846573
-2.7452,-2.7833308790838753
-1.3971,-2.054156034489941
-2.4457,-2.19620315777437
-2.4672,-2.296040699737584
-2.3684,-2.3266775124052543
-1.2041,-1.112458765712816
-1.2708,-1.65357296859024
-1.5372,-1.9299113173216795
-1.8707,-2.0160299390127197
-1.6147,-1.8652530552894124
-2.0465,-2.0719398343276696
-2.3872,-2.367264629216933
-2.94,-2.4847517013963896
-1.3018,-2.4192476488146966
-1.726,-1.574530644309957
-2.1527,-2.4967714012153586
-2.3933,-2.4826356597829244
-1.6882,-1.8566076467298305
-1.5418,-1.669965735447722
-2.3182,-2.837056941957817
-1.9566,-2.2327938911099583
-1.1599,-0.9490215583982078
-1.3043,-1.892090349460954
-1.2703,-1.1812080351624585
-2.6317,-2.4238177202301188
-1.642,-0.8303000431608167
-1.5827,-2.1181573359845696
-1.1776,-1.7180866317695904
-2.9125,-2.7964927941900077
-2.1326,-1.9632556392403209
-1.3765,-0.973909819233113
-1.8177,-1.815922239671654
-1.635,-1.336237130507715
-1.448,-1.5646368596443179
-1.9958,-2.1854671535622785
-2.1298,-2.404647755519251
-2.4827,-2.104808060517763
-2.4237,-1.9737240672756884
-2.7295,-3.103898684652968
-2.7044,-1.8322597044620237
-1.8613,-1.7445947633948642
-2.4012,-2.6650195991654684
-1.7454,-2.1689930101267607
-1.787,-1.882413041147505
-1.8835,-2.114290706956875
-2.745,-2.7870912107880663
-2.0078,-1.7487504072619307
-1.8277,-1.6991909849041542
-2.2187,-2.593427372652509
-1.9726,-1.398682792492938
-1.6118,-1.6204468773202962
-2.5533,-2.376504044955662
-1.6503,-1.6815284591842157
-1.2998,-1.2652030601780568
-1.4339,-1.8315823237282065
-2.2309,-2.027968623064667
-1.4139,-1.490346955251538
-1.4375,-1.8100349379656175
-2.701,-2.4433399027440466
-2.7044,-2.5785356196648666
-2.2519,-1.9890184318075637
-2.1628,-2.074937419336918
-2.4491,-2.555621498454413
-1.5955,-2.297659861665234
-2.1451,-2.349938304860749
-2.0175,-1.942603299299956
-1.9975,-2.087346196547404
-1.3027,-1.0256630341313235
-1.5796,-2.4892606491174827
-1.3747,-1.7600819375202557
-1.6107,-1.3143735724923329
-2.1608,-2.362054462690354
-2.514,-2.5757430401164574
-1.7455,-1.7374008118001134
-2.5044,-2.3622216974971404
-1.1855,-1.7749295591957854
-1.587,-2.5930355532957705
-1.6248,-1.7746425156599315
-2.8908,-2.267388428066748
-2.2241,-2.2978022170525554
-1.1321,-1.0659594229970466
-2.295,-2.1591812170936673
-1.4396,-2.4283667115194474
-1.6505,-2.0352711387535227
-1.9973,-2.238046773107193
-1.4341,-0.9304124781610799
-2.0004,-1.7668726743737857
-1.3493,-2.595822316291235
-2.9507,-2.1227595568760234
-1.934,-1.6128742039498856
-1.8716,-2.1022208433465988
-1.6392,-2.223455299022776
-2.3113,-2.5569812026170564
-5.0,-3.227928970236081
-2.1581,-1.802506785676265
-1.3719,-1.8446357757368936
-1.5195,-1.7509773624072391
-1.6155,-2.0035657463358945
-1.1975,-1.343912602287192
-1.7728,-2.4001698728542493
-1.5466,-1.8555283345067424
-2.7834,-2.3135466306382497
-2.3763,-1.93217895062491
-2.7028,-3.021086845328093
-2.3931,-1.7817655370737973
-1.3011,-1.629442698112589
-2.2133,-2.1349436214520714
-2.151,-2.305090141194591
-2.4142,-2.302136127465419
-2.3734,-2.2249513866366266
-1.3152,-1.4037990824966564
-3.0185,-2.0733605454140576
-1.6327,-1.618164491755198
-2.8533,-1.9987883396639001
-2.3209,-2.389858300606213
-2.1107,-1.6941181616950394
-1.9731,-2.102665621666924
-2.2795,-1.9914169244064355
-1.8338,-2.480100876574031
-2.1749,-1.86245463976018
-5.0,-2.7730907879735502
-2.1394,-1.920275882263192
-1.5336,-1.5465345260298196
-5.0,-2.7274318728342597
-2.92,-2.388096958791036
-2.0358,-2.011688880471585
-1.8518,-1.7470180675748617
-1.1855,-0.6959322955475293
-1.8289,-1.7091784377735062
-1.7616,-2.466921931287048
-5.0,-2.4373303618247686
-2.4859,-1.8246415808178182
-1.8158,-2.2182192638270797
-2.3306,-2.220924517296931
-1.8351,-2.0249388972239886
-2.3274,-2.2865569207495984
-2.0334,-1.5335050638045664
-2.6747,-2.8025344652694155
-2.4376,-2.1760568044911954
-1.0441,-1.2662561869938176
-1.2181,-2.0112521707068853
-1.9715,-2.052311942392756
-1.9783,-2.36674786837869
-2.4773,-2.452171767512535
-2.4489,-2.351407656188756
-1.4578,-1.7639766676084798
-3.1157,-2.375751982965058
-1.7046,-1.7787696399088841
-1.5843,-1.501250779317266
-2.1659,-2.196957020908383
-1.3888,-1.4525158726289946
-1.741,-1.5773029095455076
-1.5181,-1.786651853258042
-1.5427,-2.1915466842169584
-1.6129,-1.51245663250225
-1.5412,-1.9378519665057248
-1.9745,-2.066823675350477
-2.5601,-2.4273443265781682
-1.928,-2.307865055620848
-1.6663,-1.8777501955009168
-1.7441,-1.831136347002219
-1.8121,-1.1470694047547203
-2.4945,-1.978353868148318
-1.2946,-1.6468875871566073
-1.3404,-1.8583747324088518
-1.7831,-2.1115385347993403
-1.6905,-1.8402281307808253
-1.5149,-1.0595521285357061
-1.9156,-1.8912028994736718
-1.7238,-1.6987874355787973
-2.0277,-1.7204740989771277
-2.3674,-1.7757944103597243
-1.4495,-1.3764833346283813
-2.4376,-2.553065265121159
-1.4076,-1.6812035493981126
-1.9273,-1.6046209212138818
-1.9419,-1.506978497102147
-1.3534,-2.1465030780642107
-1.3637,-1.7535370455722132
-1.6412,-1.059933402161221
-1.6958,-1.622090997358807
-2.813,-2.4571349901959163
-1.8903,-2.016783517938186
-1.3037,-2.4703262098494116
-0.91365,-2.2799109785757006
-1.9315,-2.3177502101007796
-1.5375,-1.6339108359597858
-5.0,-3.136362812140116
-1.8224,-1.6428459813444272
-1.273,-1.586878133389083
-2.7073,-2.8268715837801004
-1.1476,-1.6385001158615928
-1.3693,-1.3900666470121577
-1.6998,-2.4428556987012304
-1.8468,-1.6608840156729547
-2.2951,-2.903502698840861
-1.2102,-1.5496087389038735
-2.2732,-2.459101803889975
-1.8011,-1.5932136342564407
-1.3007,-1.576570762962642
-3.0123,-2.555077577833082
-1.1988,-1.2232831035607452
-1.8152,-2.152420943195428
-0.7619,-1.254070738968775
-1.8966,-1.943026640175538
-1.514,-2.1492906815024995
-1.736,-1.9025069573612492
-1.89,-2.2270685133328656
-1.178,-1.8084352581522078
-1.2919,-1.692035963796274
-1.3684,-1.188305555753173
-1.3033,-1.6340632791367549
-2.4961,-2.5946160930499644
-1.4439,-1.8926936048843237
-2.2692,-2.293806191513087
-2.3946,-2.197799971793655
-1.4431,-1.6867700693347205
-2.5026,-2.091672308663006
-2.1615,-1.9682290378754141
-2.0564,-2.3546214550761575
-5.0,-2.9076281702087114
-2.0325,-2.7732507620369726
-2.2034,-2.035224021586081
-5.0,-2.4424163216417534
-2.0623,-2.0299144575850008
-2.1902,-1.810544815624048
-1.9891,-2.8924195886400934
-2.03,-1.7184036143341137
-2.6408,-1.7650782268482212
-1.9654,-1.6167466328122475
-1.2955,-1.870843856590559
-1.5198,-1.5206707797602346
-1.7787,-1.7091779622957057
-1.8654,-2.2001610580348174
-1.8923,-2.0834360586793004
-1.457,-1.9699118429999887
-2.4574,-2.1423616124445095
-1.0757,-0.616997197414286
-2.1041,-2.1480387950649797
-1.1351,-1.028098990215298
-1.2249,-1.4384804196004606
-1.4315,-1.201311855192251
-2.9448,-2.713149513383083
-1.3279,-1.469765235688091
-2.2303,-2.0324689397744153
-2.7961,-2.4506010970552743
-2.5881,-2.267043882761477
-1.3349,-2.1336826712246726
-2.9387,-2.095284609782353
-2.5114,-2.8248351785428856
-1.499,-1.7641007789062981
-2.1388,-2.0672766008714465
-0.9208,-0.7597283783457747
-1.3401,-1.6454653882371717
-2.3558,-2.057722325639987
-1.0501,-1.0532239477892327
-1.4803,-2.0761828932961395
-1.5144,-1.4682317700349439
-1.4562,-1.1690586194372368
-2.5236,-2.2647513571460607
-1.8869,-1.9884311626040394
-1.4107,-1.5807853315686817
-1.67,-1.2540539200606995
-2.0781,-1.7663151654755247
-1.3777,-0.9381059065700375
-1.4888,-1.6613157243571457
-2.5596,-2.941495306726703
-2.7826,-2.7966666861404397
-1.8735,-2.012734234777976
-1.3785,-1.8678846365077915
-2.3033,-2.851926494482436
-2.1775,-1.603433693460535
-2.4768,-2.1356806914089526
-1.3999,-1.6648133344946507
-1.409,-1.5325332186866487
-2.0793,-1.8869164598658
-2.4289,-2.3460869301956304
-1.9356,-2.108801158221039
-1.8576,-1.4732598150119112
-1.8843,-1.9064611810656495
-1.952,-1.719321988463943
-1.2342,-1.6772587915796093
-1.1475,-2.160903850763898
-1.7227,-1.5462867392959745
-2.1101,-2.1688245050480948
-1.5427,-1.909918943249839
-1.4344,-1.5921600601467043
-1.4446,-1.1976356556567431
-2.6754,-2.654984532600028
-1.311,-1.6087031072333864
-2.4013,-2.3630605210248055
-1.8186,-2.2221853127239233
-1.5375,-1.5856574706413382
-3.1822,-1.9670004625996322
-1.8991,-2.004090617991169
-1.8601,-1.9586333810190262
-1.5465,-1.5543834680853839
-5.0,-3.1882045976976325
-2.1582,-2.180944903899687
-2.2818,-1.9588980260220894
-2.6705,-2.1381473012861663
-1.3364,-1.1863758272427294
-1.6423,-1.7842832291627062
-2.3114,-2.090496237326313
-2.6429,-1.9233835034402809
-2.8969,-2.426488418012364
-1.8919,-1.9185395544474384
-1.9616,-1.8168443129562086
-2.5159,-2.73128862353788
-1.2416,-1.3869624533643594
-1.4908,-1.9679364298158308
-1.8462,-1.8242910693941305
-1.4975,-1.3415203951799752
-1.5557,-1.5875435204506625
-2.057,-2.186253585640071
-2.2296,-1.9630889682266197
-1.84,-1.8470158996793828
-2.5894,-2.307951093324429
-5.0,-2.7929467231283893
-2.3215,-1.9470139350236546
-2.9158,-2.2973681879327574
-1.3327,-1.4190814086632992
-1.3466,-1.2249899625814018
-2.9892,-2.288148926096177
-1.6351,-1.4709580972978085
-1.6758,-2.1009024795361735
-2.9018,-2.8218209489588135
-2.2847,-2.504297356238557
-2.6513,-3.051103075945574
-1.9845,-1.9159044040315794
-2.269,-2.3037185739792383
-1.6704,-1.7253191155273466
-2.2404,-2.37897848057178
-1.9706,-1.2444878895579925
-1.987,-1.6434996957324564
-2.1345,-2.103289259992751
-2.6552,-2.563762806149015
-1.7474,-1.912964718384676
-2.7194,-3.0744764605249584
-1.9148,-1.9422249492378365
-2.3833,-2.441916186001637
-5.0,-2.692604651866251
-1.8628,-1.5126963478404458
-2.6671,-2.5700654248106036
-1.3315,-0.6829552208490757
-2.5557,-2.147209494137563
-3.2407,-2.8971154663622727
-1.3294,-1.0430295603520365
-1.5361,-1.0958981858032253
-1.7059,-1.6693815428001437
-2.2187,-2.451688019310846
-1.6366,-1.8287437556578934
-1.5799,-1.3338377742214498
-2.2109,-2.2118085683685402
-1.4086,-1.458022741852244
-1.7643,-1.809106580568335
-2.4459,-2.207951908697168
-1.7375,-1.673006074526652
-1.4294,-1.4502352280309907
-1.4577,-1.2242122540438731
-1.5969,-1.9873790543449823
-1.37,-1.668900519724456
-1.0907,-1.9495908869432432
-2.8696,-2.744077034674103
-2.4313,-2.760054779806185
-1.2108,-1.3053953331789563
-1.4876,-1.274008076749022
-2.5907,-2.118898893571086
-1.2303,-1.3003685919377856
-5.0,-2.333850374201411
-1.8491,-2.5934394542774735
-5.0,-4.018574211395815
-2.889,-2.3786106558595326
-2.4709,-2.83236705464876
-1.5017,-1.0791641279574808
-1.9131,-2.1189140859886995
-1.5758,-2.125016719898587
-2.8593,-2.2855517709869235
-2.5343,-2.826860223387488
-2.5847,-2.8631025729144732
-1.7701,-1.8687936191297496
-1.7429,-2.1976082947808497
-1.6629,-1.5079294599920419
-2.0151,-2.3473671214881087
-2.4725,-3.1196786273438795
-1.5145,-1.2584211265057026
-2.2721,-2.400804473088609
-2.1469,-1.8095154344876105
-2.0771,-1.8631661157520505
-1.6941,-1.5932219008296706
-2.3776,-2.390526670605742
-2.539,-2.2558495129797715
-2.907,-2.6397925702086384
-1.4572,-1.8182954565140357
-2.9335,-2.4823322684795137
-2.2734,-2.386186725553914
-2.5664,-1.9743433461239015
-1.3027,-1.434270862483555
-1.9541,-2.6197060588985632
-2.2391,-1.7558272146362235
-1.9401,-2.1721276641570397
-2.6663,-2.2862155762290954
-2.3389,-2.1700007934252197
-2.4178,-2.234751807044363
-1.6952,-2.0428044994336236
-1.6841,-1.8983601109026873
-1.9196,-2.6224558461286156
-2.173,-1.9520104846680908
-1.5189,-1.194525555781342
-1.5318,-1.6747213219117922
-1.2155,-1.5033852609811467
-2.2273,-2.028571157851619
-1.1966,-2.113499420196142
-1.7735,-2.044398146052052
-0.69593,-2.0803731123749163
-3.1998,-2.99558055375826
-1.4678,-1.7725642992185644
-1.836,-1.4348328344964911
-1.3157,-0.9802885905025897
-1.2637,-1.2827461446082342
-2.6014,-1.9270709057056028
-1.2678,-1.5588840520579657
-1.8244,-1.6346347565612351
-2.6071,-2.7198146491475748
-2.3996,-2.0154972546773937
-5.0,-3.516259556427803
-2.15,-2.153221611755968
-2.715,-2.345238062217052
-1.9908,-2.2726619919227966
-1.3417,-1.7837325947352518
-1.5912,-1.88560020982906
-2.9461,-2.2545930094129125
-1.9732,-1.706531373663908
-2.9001,-2.739800985266011
-5.0,-2.656716888725481
-1.5248,-2.047738296414198
-1.7992,-3.1415271760605386
-1.8793,-1.9255305820205453
-1.6635,-1.6868025034661402
-1.8079,-1.9399528985385168
-1.5489,-1.45305259848482
-2.2073,-1.7238626559762698
-1.7218,-1.6093324587445075
-1.6368,-1.6399941118085695
-2.3342,-2.442400905789654
-1.7255,-2.0199662664878053
-2.1133,-1.971699930641258
-1.4738,-2.077707389487757
-2.2201,-2.328540139206936
-1.5338,-1.887255988930402
-1.793,-1.5138085865253754
-1.772,-2.078712953650329
-1.9866,-1.7943526400387813
-3.048,-2.008526051770716
-1.2671,-1.3767024250809234
-1.7896,-1.9791121657221291
-1.1137,-1.162787591272355
-2.7719,-2.703894008394871
-2.1965,-2.3841434778759583
-1.1851,-1.5575219978352486
-2.255,-2.430014157022491
-1.4173,-1.289639121258555
-1.1934,-1.2745365756495044
-2.4439,-2.2864050186573004
-1.9654,-2.040407405983698
-2.0347,-1.866101538481324
-1.9407,-2.2944795485534977
