id,dg,x0,t0,mse,rsq
EMPTY,0.30269,14.4848,1,0.10791,0.80872
S0_M_T1,0.47895,6.6731,1,0.046726,0.9607
S0_M_T10,0.50865,6.6328,1,0.085918,0.93748
S0_M_T1001,0.54115,6.5276,1,0.094888,0.9389
S0_M_T1002,0.54179,7.0381,1,0.044535,0.97043
S0_M_T1006,0.5505,6.7545,1,0.11883,0.927
S0_M_T1007,0.44415,6.0366,1,0.12935,0.88365
S0_M_T1008,0.4685,5.8555,1,0.18524,0.85508
S0_M_T1009,0.45499,5.7583,1,0.25197,0.80359
S0_M_T1013,0.59749,7.4223,1,0.061133,0.96675
S0_M_T1014,0.53347,6.6197,1,0.12112,0.92126
S0_M_T1017,0.46283,5.9341,1,0.13356,0.88872
S0_M_T102,0.60645,8.0824,1,0.25931,0.87597
S0_M_T1022,0.48224,7.1595,1,0.027765,0.97659
S0_M_T1027,0.62455,7.2564,1,0.1266,0.93881
S0_M_T1029,0.49889,6.095,1,0.44536,0.73565
S0_M_T1033,0.46385,6.6214,1,0.026886,0.97552
S0_M_T1034,0.46544,6.654,1,0.063588,0.94434
S0_M_T1039,0.7305,8.3173,1,0.050343,0.98141
S0_M_T1041,0.37089,7.3901,1,0.067436,0.91037
S0_M_T1047,0.55195,9.8007,1,0.028224,0.98174
S0_M_T1048,0.6288,7.5934,1,0.19184,0.91121
S0_M_T1050,0.54729,8.8852,1,0.011122,0.9926
S0_M_T1051,0.50582,7.2714,1,0.010964,0.99147
S0_M_T1052,0.57988,7.3317,1,0.068692,0.96059
S0_M_T1055,0.57229,6.7662,1,0.10935,0.93716
S0_M_T1056,0.47835,6.5229,1,0.08926,0.92735
S0_M_T1059,0.45076,9.6535,1,0.010117,0.9901
S0_M_T1060,0.50261,6.1828,1,0.13737,0.90155
S0_M_T1063,0.42878,6.1183,1,0.066586,0.9322
S0_M_T1065,0.36354,7.8622,1,0.10867,0.85828
S0_M_T1072,0.52971,7.2444,1,0.0077099,0.99451
S0_M_T1073,0.45459,6.8294,1,0.076412,0.93088
S0_M_T1075,0.52468,6.2731,1,0.13012,0.91331
S0_M_T1076,0.5004,6.7363,1,0.094805,0.92934
S0_M_T1078,0.33166,6.2873,1,0.039701,0.93242
S0_M_T1082,0.57482,6.5334,1,0.22821,0.87819
S0_M_T1083,0.53796,7.3135,1,0.0557,0.96279
S0_M_T1086,0.45281,6.2148,1,0.031272,0.97028
S0_M_T1087,0.41751,6.5796,1,0.044706,0.95102
S0_M_T1088,0.42457,6.1674,1,0.067795,0.92978
S0_M_T1089,0.40873,6.3259,1,0.068896,0.92352
S0_M_T109,0.45003,7.6627,1,0.039705,0.96212
S0_M_T1090,0.41574,6.597,1,0.055792,0.93912
S0_M_T1091,0.62626,7.4693,1,0.032277,0.98374
S0_M_T1093,0.56986,6.9541,1,0.12563,0.92791
S0_M_T1096,0.59935,8.4643,1,0.0095097,0.99471
S0_M_T1100,0.51852,6.8509,1,0.022782,0.98327
S0_M_T1105,0.44839,7.9883,1,0.10733,0.90317
S0_M_T1107,0.43155,8.4091,1,0.020458,0.97842
S0_M_T111,0.41868,6.9521,1,0.12345,0.8761
S0_M_T1110,0.42978,6.5726,1,0.064498,0.93447
S0_M_T1113,0.40682,6.8558,1,0.052237,0.94039
S0_M_T1116,0.53479,6.6486,1,0.12516,0.91922
S0_M_T1117,0.43984,7.8607,1,0.0067709,0.99302
S0_M_T1119,0.46591,5.9038,1,0.15039,0.87786
S0_M_T112,0.39871,6.366,1,0.014114,0.98248
S0_M_T1125,0.44917,7.5077,1,0.037211,0.96428
S0_M_T1126,0.53859,7.315,1,0.056835,0.96214
S0_M_T113,0.39222,6.2919,1,0.098097,0.88648
S0_M_T1130,0.48837,5.954,1,0.20217,0.85454
S0_M_T1135,0.48093,7.3656,1,0.034895,0.97059
S0_M_T1142,0.4877,6.3689,1,0.06251,0.94987
S0_M_T1143,0.56065,8.7661,1,0.028662,0.98202
S0_M_T1145,0.45099,7.2166,1,0.029048,0.97212
S0_M_T1149,0.42862,7.0451,1,0.063635,0.93496
S0_M_T1150,0.54251,6.5053,1,0.19422,0.88298
S0_M_T1151,0.19039,8.233,1,0.37716,0.32368
S0_M_T1152,0.27742,7.7709,1,0.198,0.65934
S0_M_T1153,0.28766,6.7183,1,0.13511,0.75308
S0_M_T1154,0.55143,7.1646,1,0.04628,0.97034
S0_M_T1158,0.64101,8.1492,1,0.2412,0.89455
S0_M_T1162,0.5232,6.5411,1,0.074708,0.94804
S0_M_T117,0.54946,6.3086,1,0.32164,0.82376
S0_M_T1176,0.57859,6.6182,1,0.16819,0.90835
S0_M_T118,0.56085,8.2827,1,0.031029,0.98057
S0_M_T119,0.50302,7.3524,1,0.059348,0.95502
S0_M_T1195,0.5464,6.7154,1,0.17956,0.89224
S0_M_T1205,0.53503,6.4137,1,0.17815,0.8889
S0_M_T121,0.64777,8.1934,1,0.14255,0.93614
S0_M_T1210,0.38569,8.1774,1,0.027441,0.96428
S0_M_T1212,0.51905,7.842,1,0.080692,0.94327
S0_M_T1213,0.40279,8.8104,1,0.036497,0.95678
S0_M_T1214,0.57576,7.7347,1,0.10658,0.93935
S0_M_T1215,0.57051,9.735,1,0.021248,0.98706
S0_M_T1216,0.5235,6.2005,1,0.24133,0.84973
S0_M_T1217,0.58252,7.614,1,0.048129,0.97231
S0_M_T1218,0.41204,7.1082,1,0.067667,0.92589
S0_M_T1219,0.56797,7.8987,1,0.19766,0.89044
S0_M_T1220,0.49175,6.1191,1,0.098196,0.9246
S0_M_T1221,0.46824,6.2666,1,0.16706,0.86729
S0_M_T1222,0.47834,7.0111,1,0.083627,0.93162
S0_M_T123,0.63106,7.1796,1,0.21985,0.9002
S0_M_T1241,0.51324,6.5852,1,0.023201,0.98262
S0_M_T1243,0.61571,7.1891,1,0.12858,0.93623
S0_M_T1251,0.61131,7.0184,1,0.1222,0.93838
S0_M_T1252,0.58951,6.9062,1,0.14738,0.92152
S0_M_T1263,0.63327,7.4709,1,0.058986,0.97131
S0_M_T1279,0.70421,7.8422,1,0.041772,0.98337
S0_M_T1280,0.59035,9.6923,1,0.042047,0.97634
S0_M_T13,0.39094,6.8909,1,0.08421,0.90038
S0_M_T1306,0.53226,6.2713,1,0.2652,0.84176
S0_M_T1309,0.53459,7.6548,1,0.17795,0.88886
S0_M_T1313,0.5786,6.778,1,0.12048,0.9326
S0_M_T1314,0.6304,7.9357,1,0.083405,0.95956
S0_M_T1322,0.41298,6.4343,1,0.05282,0.94145
S0_M_T137,0.51977,9.4643,1,0.034297,0.97514
S0_M_T138,0.39873,5.8265,1,0.40046,0.66409
S0_M_T139,0.51737,7.9637,1,0.03895,0.97161
S0_M_T140,0.49912,10.1033,1,0.046404,0.96394
S0_M_T142,0.51977,9.4643,1,0.034297,0.97514
S0_M_T144,0.51737,7.9637,1,0.03895,0.97161
S0_M_T145,0.49912,10.1033,1,0.046404,0.96394
S0_M_T147,0.51737,7.9637,1,0.03895,0.97161
S0_M_T148,0.49912,10.1033,1,0.046404,0.96394
S0_M_T149,0.51977,9.4643,1,0.034297,0.97514
S0_M_T15,0.56847,6.5783,1,0.14105,0.91941
S0_M_T150,0.39873,5.8265,1,0.40046,0.66409
S0_M_T151,0.51737,7.9637,1,0.03895,0.97161
S0_M_T152,0.51046,7.7884,1,0.046218,0.9656
S0_M_T153,0.51977,9.4643,1,0.034297,0.97514
S0_M_T154,0.51737,7.9637,1,0.03895,0.97161
S0_M_T155,0.49912,10.1033,1,0.046404,0.96394
S0_M_T156,0.51977,9.4643,1,0.034297,0.97514
S0_M_T157,0.39873,5.8265,1,0.40046,0.66409
S0_M_T158,0.51737,7.9637,1,0.03895,0.97161
S0_M_T159,0.49912,10.1033,1,0.046404,0.96394
S0_M_T161,0.51977,9.4643,1,0.034297,0.97514
S0_M_T162,0.39873,5.8265,1,0.40046,0.66409
S0_M_T163,0.51737,7.9637,1,0.03895,0.97161
S0_M_T164,0.49912,10.1033,1,0.046404,0.96394
S0_M_T168,0.51737,7.9637,1,0.03895,0.97161
S0_M_T169,0.49912,10.1033,1,0.046404,0.96394
S0_M_T170,0.51977,9.4643,1,0.034297,0.97514
S0_M_T171,0.49912,10.1033,1,0.046404,0.96394
S0_M_T172,0.51977,9.4643,1,0.034297,0.97514
S0_M_T173,0.39873,5.8265,1,0.40046,0.66409
S0_M_T174,0.51737,7.9637,1,0.03895,0.97161
S0_M_T175,0.49912,10.1033,1,0.046404,0.96394
S0_M_T176,0.51977,9.4643,1,0.034297,0.97514
S0_M_T177,0.52895,6.1588,1,0.27471,0.8353
S0_M_T178,0.51737,7.9637,1,0.03895,0.97161
S0_M_T179,0.49912,10.1033,1,0.046404,0.96394
S0_M_T180,0.39873,5.8265,1,0.40046,0.66409
S0_M_T181,0.51977,9.4643,1,0.034297,0.97514
S0_M_T182,0.39873,5.8265,1,0.40046,0.66409
S0_M_T19,0.57148,7.1193,1,0.028544,0.98275
S0_M_T191,0.49209,7.9968,1,0.068875,0.94597
S0_M_T192,0.41487,7.0374,1,0.14035,0.85929
S0_M_T193,0.51068,7.9227,1,0.02884,0.97827
S0_M_T194,0.50058,8.8203,1,0.054842,0.9579
S0_M_T195,0.57232,7.6411,1,0.22398,0.87926
S0_M_T196,0.52539,6.1757,1,0.24353,0.84949
S0_M_T198,0.2684,6.6665,1,0.069022,0.83864
S0_M_T207,0.62121,7.8257,1,0.067137,0.96624
S0_M_T221,0.2684,6.6665,1,0.069022,0.83864
S0_M_T223,0.62121,7.8257,1,0.067137,0.96624
S0_M_T228,0.62121,7.8257,1,0.067137,0.96624
S0_M_T229,0.42978,6.3222,1,0.055744,0.94286
S0_M_T236,0.49209,7.9968,1,0.068875,0.94597
S0_M_T237,0.46088,6.9141,1,0.039339,0.96414
S0_M_T238,0.51068,7.9227,1,0.02884,0.97827
S0_M_T239,0.50058,8.8203,1,0.054842,0.9579
S0_M_T243,0.2684,6.6665,1,0.069022,0.83864
S0_M_T244,0.3873,7.7825,1,0.071989,0.91209
S0_M_T245,0.54788,6.4414,1,0.12202,0.92453
S0_M_T252,0.62121,7.8257,1,0.067137,0.96624
S0_M_T259,0.51895,6.8491,1,0.03696,0.97318
S0_M_T26,0.47832,6.1541,1,0.21031,0.84417
S0_M_T261,0.36751,7.004,1,0.027624,0.96055
S0_M_T263,0.51895,6.8491,1,0.03696,0.97318
S0_M_T265,0.49769,7.4969,1,0.07456,0.943
S0_M_T266,0.48564,6.0016,1,0.15212,0.88533
S0_M_T268,0.49769,7.4969,1,0.07456,0.943
S0_M_T270,0.49769,7.4969,1,0.07456,0.943
S0_M_T271,0.48564,6.0016,1,0.15212,0.88533
S0_M_T273,0.51664,6.5055,1,0.083323,0.94101
S0_M_T285,0.46345,6.2168,1,0.16885,0.86366
S0_M_T289,0.49769,7.4969,1,0.07456,0.943
S0_M_T29,0.52438,6.6082,1,0.10511,0.92871
S0_M_T291,0.49769,7.4969,1,0.07456,0.943
S0_M_T292,0.48564,6.0016,1,0.15212,0.88533
S0_M_T296,0.5479,8.8587,1,0.058792,0.96216
S0_M_T298,0.5479,8.8587,1,0.058792,0.96216
S0_M_T299,0.63636,7.2855,1,0.14649,0.93227
S0_M_T31,0.63278,7.2835,1,0.07472,0.96388
S0_M_T32,0.59858,7.4655,1,0.013354,0.99257
S0_M_T321,0.55815,7.3573,1,0.03572,0.97749
S0_M_T328,0.5414,6.5242,1,0.15976,0.90134
S0_M_T33,0.49544,6.0205,1,0.19676,0.86135
S0_M_T337,0.5264,7.033,1,0.066257,0.95418
S0_M_T341,0.51178,7.7934,1,0.10051,0.92845
S0_M_T348,0.49859,7.3751,1,0.13114,0.90421
S0_M_T35,0.53613,6.6084,1,0.050064,0.9662
S0_M_T351,0.5264,7.033,1,0.066257,0.95418
S0_M_T353,0.49784,6.6226,1,0.069949,0.94636
S0_M_T355,0.6167,9.916,1,0.029262,0.98478
S0_M_T357,0.49784,6.6226,1,0.069949,0.94636
S0_M_T359,0.6167,9.916,1,0.029262,0.98478
S0_M_T363,0.54049,6.2647,1,0.24471,0.856
S0_M_T364,0.59673,7.7037,1,0.035867,0.98017
S0_M_T366,0.54049,6.2647,1,0.24471,0.856
S0_M_T369,0.53996,6.7222,1,0.045116,0.96986
S0_M_T37,0.50254,6.1368,1,0.12958,0.90659
S0_M_T370,0.56869,7.2998,1,0.012361,0.99238
S0_M_T375,0.54049,6.2647,1,0.24471,0.856
S0_M_T377,0.45287,6.5044,1,0.20234,0.83464
S0_M_T378,0.48777,6.2281,1,0.10322,0.91986
S0_M_T380,0.49485,6.5056,1,0.17825,0.87246
S0_M_T383,0.58922,6.6803,1,0.1952,0.89855
S0_M_T39,0.48817,6.0639,1,0.10418,0.91929
S0_M_T394,0.39786,6.7331,1,0.16378,0.82796
S0_M_T396,0.53815,6.9407,1,0.028571,0.98057
S0_M_T397,0.55624,6.7629,1,0.1108,0.93291
S0_M_T399,0.47626,6.3638,1,0.053789,0.95454
S0_M_T400,0.39781,6.9161,1,0.05172,0.93841
S0_M_T403,0.5129,7.5393,1,0.044639,0.96705
S0_M_T407,0.52734,6.9263,1,0.097563,0.93418
S0_M_T415,0.49597,6.1824,1,0.076454,0.94125
S0_M_T42,0.51414,6.7574,1,0.12312,0.91447
S0_M_T427,0.55573,6.3983,1,0.19237,0.88882
S0_M_T428,0.54925,7.2681,1,0.037107,0.97589
S0_M_T431,0.57092,7.2129,1,0.29708,0.84528
S0_M_T432,0.58034,8.482,1,0.087831,0.95024
S0_M_T458,0.50654,6.1176,1,0.16891,0.88323
S0_M_T459,0.5335,6.5675,1,0.17646,0.88928
S0_M_T46,0.58345,6.6692,1,0.16863,0.90952
S0_M_T460,0.58347,8.8537,1,0.10298,0.94273
S0_M_T461,0.57203,6.8708,1,0.037819,0.97732
S0_M_T462,0.49166,6.0299,1,0.14391,0.89321
S0_M_T463,0.62733,7.6724,1,0.11818,0.94312
S0_M_T464,0.62507,7.5757,1,0.083253,0.95897
S0_M_T466,0.58347,8.8537,1,0.10298,0.94273
S0_M_T467,0.6585,7.2825,1,0.097188,0.95693
S0_M_T468,0.55986,8.366,1,0.025919,0.98367
S0_M_T469,0.44839,6.9059,1,0.067888,0.9365
S0_M_T47,0.51062,6.1167,1,0.20587,0.86314
S0_M_T470,0.55645,8.6407,1,0.027729,0.98233
S0_M_T471,0.47855,7.5723,1,0.049876,0.9581
S0_M_T474,0.56521,6.7477,1,0.20868,0.88403
S0_M_T475,0.59242,7.7242,1,0.055324,0.96931
S0_M_T478,0.60924,7.6541,1,0.22769,0.89032
S0_M_T480,0.5593,6.4091,1,0.27581,0.84957
S0_M_T481,0.55429,6.4736,1,0.17604,0.8968
S0_M_T482,0.48697,7.1828,1,0.061844,0.95023
S0_M_T486,0.44826,5.7054,1,0.21359,0.82409
S0_M_T489,0.60473,7.9177,1,0.10472,0.94562
S0_M_T491,0.55095,7.1388,1,0.13858,0.91602
S0_M_T492,0.46552,5.9295,1,0.18938,0.85071
S0_M_T497,0.58941,7.5189,1,0.030609,0.98261
S0_M_T499,0.55683,10.0147,1,0.019401,0.98759
S0_M_T500,0.53367,8.2531,1,0.14559,0.9069
S0_M_T501,0.55614,7.5501,1,0.18676,0.89186
S0_M_T505,0.56335,7.4082,1,0.044798,0.97243
S0_M_T506,0.54916,6.5524,1,0.13792,0.91588
S0_M_T512,0.43122,8.5718,1,0.064038,0.93532
S0_M_T513,0.64452,8.6891,1,0.11063,0.94924
S0_M_T518,0.48599,7.2622,1,0.029082,0.97587
S0_M_T519,0.48208,6.4176,1,0.02317,0.98037
S0_M_T52,0.49732,6.7927,1,0.031667,0.97493
S0_M_T520,0.48599,7.2622,1,0.029082,0.97587
S0_M_T523,0.48599,7.2622,1,0.029082,0.97587
S0_M_T524,0.48208,6.4176,1,0.02317,0.98037
S0_M_T533,0.50845,7.2633,1,0.26205,0.83087
S0_M_T537,0.30075,7.8426,1,0.072503,0.86135
S0_M_T539,0.53283,7.0625,1,0.072486,0.95123
S0_M_T540,0.40439,6.0362,1,0.13528,0.85754
S0_M_T541,0.52043,6.1274,1,0.29232,0.82186
S0_M_T542,0.54759,8.1197,1,0.12906,0.92044
S0_M_T544,0.51145,6.2807,1,0.12201,0.91435
S0_M_T546,0.4593,6.1155,1,0.060586,0.94547
S0_M_T547,0.48552,6.5132,1,0.061387,0.9503
S0_M_T548,0.51377,7.491,1,0.021907,0.98361
S0_M_T55,0.49422,7.0615,1,0.10856,0.91806
S0_M_T552,0.54717,6.4069,1,0.13124,0.91909
S0_M_T554,0.54683,7.499,1,0.022465,0.98514
S0_M_T556,0.49215,6.1128,1,0.14742,0.89108
S0_M_T57,0.55075,6.8885,1,0.096957,0.93968
S0_M_T573,0.56407,6.9599,1,0.069662,0.95788
S0_M_T575,0.58794,6.9516,1,0.057783,0.96752
S0_M_T58,0.57684,8.2203,1,0.053653,0.96863
S0_M_T586,0.54046,6.8152,1,0.10507,0.93263
S0_M_T587,0.59566,7.7712,1,0.133,0.92999
S0_M_T589,0.64017,9.2418,1,0.040401,0.98059
S0_M_T59,0.49422,7.0615,1,0.10856,0.91806
S0_M_T591,0.58374,7.2262,1,0.06916,0.96084
S0_M_T596,0.5333,6.3061,1,0.18537,0.88426
S0_M_T598,0.4917,7.4155,1,0.10451,0.92012
S0_M_T60,0.55075,6.8885,1,0.096957,0.93968
S0_M_T601,0.51652,6.2295,1,0.12341,0.91501
S0_M_T604,0.53282,6.3086,1,0.15146,0.90323
S0_M_T608,0.47185,6.2681,1,0.10734,0.91173
S0_M_T610,0.53334,6.3572,1,0.11093,0.92738
S0_M_T612,0.42562,6.4176,1,0.12165,0.88117
S0_M_T614,0.48628,8.1464,1,0.023057,0.98079
S0_M_T618,0.20653,7.3056,1,0.010994,0.95079
S0_M_T620,0.48398,5.8838,1,0.32071,0.78434
S0_M_T623,0.50659,6.3488,1,0.056715,0.95751
S0_M_T624,0.47096,8.6491,1,0.11301,0.90718
S0_M_T63,0.49422,7.0615,1,0.10856,0.91806
S0_M_T630,0.52542,6.7784,1,0.11624,0.92203
S0_M_T633,0.52654,6.2649,1,0.14541,0.90471
S0_M_T634,0.48963,6.2166,1,0.11265,0.91377
S0_M_T635,0.49044,7.7281,1,0.060547,0.95188
S0_M_T636,0.50397,6.2996,1,0.13721,0.90213
S0_M_T638,0.61063,7.1666,1,0.081607,0.9579
S0_M_T64,0.52165,6.1198,1,0.2639,0.83699
S0_M_T640,0.5103,6.9649,1,0.1347,0.9059
S0_M_T642,0.47219,5.8129,1,0.30901,0.78228
S0_M_T643,0.58391,6.5699,1,0.23397,0.87888
S0_M_T644,0.63665,7.0892,1,0.16696,0.9236
S0_M_T645,0.55425,6.5189,1,0.17663,0.89649
S0_M_T646,0.47993,8.3981,1,0.096378,0.92249
S0_M_T648,0.5109,6.1782,1,0.1968,0.8685
S0_M_T65,0.44711,5.6646,1,0.32104,0.75614
S0_M_T652,0.56951,9.1124,1,0.035852,0.97828
S0_M_T653,0.54177,6.3865,1,0.16385,0.89919
S0_M_T654,0.5346,6.3209,1,0.20397,0.87464
S0_M_T655,0.53801,6.4911,1,0.16395,0.89787
S0_M_T656,0.54578,6.9622,1,0.3098,0.82723
S0_M_T657,0.49385,5.9555,1,0.32439,0.7892
S0_M_T658,0.6545,7.4091,1,0.086489,0.96103
S0_M_T659,0.483,6.0015,1,0.24718,0.82456
S0_M_T66,0.55075,6.8885,1,0.096957,0.93968
S0_M_T660,0.53054,6.3803,1,0.10312,0.93147
S0_M_T662,0.55499,9.5364,1,0.0375,0.97613
S0_M_T663,0.50934,6.0623,1,0.23479,0.8462
S0_M_T665,0.57341,6.829,1,0.051253,0.96965
S0_M_T667,0.54066,6.4463,1,0.22926,0.86393
S0_M_T668,0.62289,9.1129,1,0.10151,0.95008
S0_M_T67,0.57684,8.2203,1,0.053653,0.96863
S0_M_T670,0.63271,7.323,1,0.087142,0.95812
S0_M_T671,0.45854,6.3609,1,0.22259,0.82468
S0_M_T672,0.61029,7.5042,1,0.10361,0.94709
S0_M_T676,0.65236,8.4715,1,0.14719,0.93506
S0_M_T677,0.60561,10.2864,1,0.042757,0.97712
S0_M_T679,0.48955,5.9343,1,0.24649,0.82881
S0_M_T681,0.68349,7.5047,1,0.19477,0.92274
S0_M_T682,0.41659,5.7565,1,0.1853,0.82344
S0_M_T683,0.37882,7.838,1,0.036136,0.95187
S0_M_T685,0.52695,6.2594,1,0.1395,0.90836
S0_M_T686,0.61379,8.4742,1,0.047573,0.97527
S0_M_T687,0.63284,7.5653,1,0.017032,0.99153
S0_M_T688,0.55286,7.0823,1,0.022217,0.98561
S0_M_T697,0.50562,7.022,1,0.091465,0.93297
S0_M_T698,0.48332,5.9317,1,0.20391,0.85084
S0_M_T7,0.4709,5.8185,1,0.26129,0.80865
S0_M_T70,0.57684,8.2203,1,0.053653,0.96863
S0_M_T701,0.59331,6.6105,1,0.21622,0.8902
S0_M_T704,0.5135,6.4208,1,0.12425,0.91355
S0_M_T708,0.56649,8.1982,1,0.11321,0.93384
S0_M_T709,0.59624,6.7543,1,0.14643,0.9236
S0_M_T711,0.58913,6.9367,1,0.14653,0.92184
S0_M_T713,0.67733,8.056,1,0.15372,0.93695
S0_M_T715,0.53043,6.2151,1,0.20297,0.87346
S0_M_T718,0.54208,6.2874,1,0.29212,0.83359
S0_M_T72,0.49422,7.0615,1,0.10856,0.91806
S0_M_T720,0.55274,6.3572,1,0.26796,0.85024
S0_M_T721,0.45217,5.7123,1,0.24898,0.8035
S0_M_T722,0.64604,7.1238,1,0.13947,0.93711
S0_M_T725,0.50325,6.6745,1,0.033201,0.97435
S0_M_T729,0.50839,6.0299,1,0.29104,0.81557
S0_M_T73,0.55075,6.8885,1,0.096957,0.93968
S0_M_T730,0.65929,7.4389,1,0.1279,0.94421
S0_M_T733,0.55326,6.8346,1,0.085273,0.94702
S0_M_T734,0.59279,8.5578,1,0.094528,0.94875
S0_M_T736,0.51446,7.506,1,0.063145,0.95428
S0_M_T737,0.49638,5.9683,1,0.27469,0.81707
S0_M_T738,0.54633,6.9032,1,0.089152,0.94341
S0_M_T74,0.54612,8.5865,1,0.078125,0.95003
S0_M_T742,0.49876,7.2315,1,0.28182,0.81466
S0_M_T744,0.48203,6.2328,1,0.095772,0.92355
S0_M_T745,0.42497,5.9247,1,0.14563,0.86064
S0_M_T746,0.3728,8.0717,1,0.016677,0.97647
S0_M_T747,0.43081,6.4232,1,0.070296,0.92931
S0_M_T748,0.30763,6.2955,1,0.080463,0.85416
S0_M_T751,0.49982,6.0708,1,0.23227,0.84267
S0_M_T753,0.50693,6.3247,1,0.10837,0.92193
S0_M_T754,0.63363,7.3625,1,0.19853,0.90967
S0_M_T763,0.60445,7.2982,1,0.050982,0.97274
S0_M_T765,0.60522,8.1475,1,0.082131,0.95691
S0_M_T768,0.41693,6.1411,1,0.013346,0.98482
S0_M_T769,0.39978,6.1912,1,0.27952,0.74007
S0_M_T773,0.51619,6.9476,1,0.083881,0.94054
S0_M_T775,0.63993,7.5965,1,0.051546,0.97535
S0_M_T776,0.37206,7.8906,1,0.13694,0.83427
S0_M_T779,0.55533,6.8808,1,0.0454,0.97128
S0_M_T785,0.19938,6.7522,1,0.40171,0.33011
S0_M_T791,0.56936,8.4307,1,0.035425,0.97853
S0_M_T792,0.4981,8.333,1,0.015516,0.9876
S0_M_T799,0.64723,9.2125,1,0.076561,0.9646
S0_M_T8,0.4683,6.0512,1,0.16268,0.87034
S0_M_T802,0.5957,9.2125,1,0.019814,0.98891
S0_M_T805,0.35872,6.8993,1,0.10288,0.86165
S0_M_T807,0.40278,6.4676,1,0.018722,0.97735
S0_M_T809,0.41596,7.9424,1,0.014389,0.98357
S0_M_T81,0.63797,7.4289,1,0.020644,0.98992
S0_M_T812,0.48313,6.5808,1,0.0096636,0.99175
S0_M_T814,0.5272,6.6989,1,0.087693,0.94041
S0_M_T820,0.45611,5.8465,1,0.1362,0.88381
S0_M_T821,0.48978,5.9434,1,0.23446,0.83593
S0_M_T825,0.62257,7.6739,1,0.093394,0.95384
S0_M_T828,0.6086,7.0448,1,0.15449,0.92271
S0_M_T829,0.49825,5.9915,1,0.27599,0.81749
S0_M_T831,0.51787,6.4071,1,0.085596,0.93977
S0_M_T832,0.47629,5.8683,1,0.218,0.83823
S0_M_T833,0.55075,6.5583,1,0.15766,0.90548
S0_M_T834,0.61477,7.1923,1,0.042551,0.97789
S0_M_T838,0.5597,7.1122,1,0.023355,0.98525
S0_M_T84,0.42059,6.4108,1,0.023518,0.974
S0_M_T840,0.60052,7.6975,1,0.11279,0.9409
S0_M_T844,0.6095,7.44,1,0.093261,0.952
S0_M_T845,0.66293,8.0692,1,0.048606,0.97827
S0_M_T847,0.63184,8.7576,1,0.045632,0.97756
S0_M_T848,0.43076,6.5115,1,0.042347,0.95618
S0_M_T857,0.51811,6.3345,1,0.10489,0.92724
S0_M_T859,0.46954,7.8533,1,0.036717,0.96764
S0_M_T861,0.55293,7.7463,1,0.02593,0.98325
S0_M_T865,0.60381,9.2412,1,0.14908,0.92411
S0_M_T867,0.55291,8.6947,1,0.037201,0.97615
S0_M_T868,0.51148,6.884,1,0.13823,0.90407
S0_M_T870,0.44364,6.1909,1,0.051389,0.95018
S0_M_T874,0.54094,6.7786,1,0.044151,0.97059
S0_M_T877,0.54505,8.6284,1,0.05936,0.96142
S0_M_T879,0.52387,6.3543,1,0.10001,0.93181
S0_M_T881,0.41894,5.4974,1,0.34393,0.7176
S0_M_T882,0.54813,6.3177,1,0.21145,0.87617
S0_M_T883,0.53079,6.3093,1,0.14477,0.90646
S0_M_T887,0.55441,6.9464,1,0.066574,0.95832
S0_M_T894,0.68332,7.5209,1,0.11034,0.95469
S0_M_T895,0.51691,8.2392,1,0.056332,0.95938
S0_M_T896,0.45149,5.8039,1,0.16929,0.85706
S0_M_T9,0.48759,7.4742,1,0.053223,0.95698
S0_M_T90,0.41868,6.9521,1,0.12345,0.8761
S0_M_T900,0.46061,6.3042,1,0.016355,0.98476
S0_M_T901,0.39697,5.7151,1,0.34534,0.6944
S0_M_T902,0.50355,7.6387,1,0.060464,0.9543
S0_M_T903,0.54632,6.9021,1,0.078253,0.94998
S0_M_T906,0.50333,6.7827,1,0.038607,0.97031
S0_M_T909,0.46649,6.3646,1,0.11319,0.90543
S0_M_T911,0.42884,6.7489,1,0.029783,0.9685
S0_M_T912,0.53761,7.25,1,0.042212,0.97151
S0_M_T913,0.49581,6.1408,1,0.11779,0.91222
S0_M_T916,0.50148,6.2847,1,0.059003,0.955
S0_M_T917,0.47261,6.5739,1,0.034137,0.97022
S0_M_T920,0.57769,7.3905,1,0.059685,0.96533
S0_M_T922,0.43583,7.0455,1,0.053816,0.94617
S0_M_T926,0.48609,6.8151,1,0.047805,0.96096
S0_M_T931,0.41058,7.1416,1,0.022515,0.97388
S0_M_T934,0.58584,6.8245,1,0.068399,0.96152
S0_M_T937,0.48456,5.9051,1,0.2546,0.82119
S0_M_T940,0.53252,6.6061,1,0.091347,0.93924
S0_M_T946,0.47618,6.0545,1,0.077471,0.93579
S0_M_T948,0.5471,6.4918,1,0.11897,0.92608
S0_M_T952,0.51715,6.3339,1,0.18841,0.87606
S0_M_T953,0.4607,7.2242,1,0.06151,0.945
S0_M_T954,0.62683,8.3844,1,0.056985,0.9717
S0_M_T955,0.47569,6.0698,1,0.2084,0.84392
S0_M_T956,0.4948,8.1017,1,0.00083341,0.99932
S0_M_T960,0.50208,6.0677,1,0.16429,0.88427
S0_M_T961,0.55107,6.7924,1,0.036798,0.97624
S0_M_T964,0.4791,8.7675,1,0.01651,0.98576
S0_M_T965,0.54199,9.1324,1,0.036023,0.97597
S0_M_T966,0.52743,8.4011,1,0.036741,0.97416
S0_M_T967,0.51369,6.32,1,0.29777,0.81526
S0_M_T97,0.41868,6.9521,1,0.12345,0.8761
S0_M_T970,0.64044,7.5832,1,0.083755,0.96061
S0_M_T976,0.47995,8.9826,1,0.033108,0.97195
S0_M_T980,0.50305,6.8215,1,0.19282,0.86729
S0_M_T983,0.36769,8.1328,1,0.043881,0.93881
S0_M_T985,0.52561,8.6993,1,0.019785,0.98582
S0_M_T987,0.57477,8.0717,1,0.1369,0.92317
S0_M_T994,0.60063,6.5819,1,0.34061,0.84061
S0_M_T998,0.53342,8.1565,1,0.03272,0.97743
S1_H_T10,0.29762,7.1282,1,0.16661,0.72584
S1_H_T100,0.57132,7.1969,1,0.047226,0.97176
S1_H_T1003,0.63049,8.6681,1,0.082984,0.95976
S1_H_T1011,0.50272,7.1164,1,0.02853,0.97783
S1_H_T1017,0.49583,6.3518,1,0.071577,0.94476
S1_H_T1018,0.62202,7.6989,1,0.020821,0.98931
S1_H_T1023,0.5381,7.2105,1,0.088998,0.94186
S1_H_T1025,0.49553,6.1876,1,0.12975,0.90406
S1_H_T1027,0.65101,7.2451,1,0.13912,0.93815
S1_H_T1028,0.59163,6.8417,1,0.08388,0.95409
S1_H_T1029,0.49902,6.043,1,0.17177,0.87833
S1_H_T1031,0.54021,8.0695,1,0.0242,0.98362
S1_H_T1038,0.48264,5.9817,1,0.13429,0.89624
S1_H_T1039,0.61409,10.0039,1,0.013619,0.9928
S1_H_T104,0.48829,8.4392,1,0.072377,0.94254
S1_H_T1048,0.49508,6.0175,1,0.17462,0.87484
S1_H_T1051,0.7372,8.3856,1,0.081743,0.97068
S1_H_T1056,0.49622,6.225,1,0.1229,0.9089
S1_H_T1062,0.56781,7.3685,1,0.15233,0.91334
S1_H_T1070,0.46742,5.8134,1,0.22729,0.82719
S1_H_T1071,0.48185,5.871,1,0.30211,0.79283
S1_H_T1072,0.59773,6.9173,1,0.095024,0.9493
S1_H_T1073,0.48567,6.8782,1,0.018681,0.98434
S1_H_T1074,0.52099,6.5639,1,0.22177,0.85905
S1_H_T1075,0.58915,7.1446,1,0.18418,0.9037
S1_H_T1079,0.50951,6.108,1,0.18883,0.87254
S1_H_T108,0.44849,7.7449,1,0.063683,0.94022
S1_H_T1084,0.51661,6.1342,1,0.23184,0.85146
S1_H_T1086,0.68145,7.2784,1,0.2563,0.90022
S1_H_T1092,0.49851,6.1414,1,0.11569,0.91451
S1_H_T1094,0.56703,8.0805,1,0.02051,0.98735
S1_H_T1095,0.61469,7.848,1,0.045165,0.97656
S1_H_T1102,0.7308,8.0955,1,0.045747,0.98309
S1_H_T111,0.52754,9.0423,1,0.019301,0.98626
S1_H_T1112,0.58417,7.5033,1,0.096317,0.94636
S1_H_T1115,0.54658,6.7651,1,0.18249,0.89074
S1_H_T1118,0.54277,6.3033,1,0.18996,0.88535
S1_H_T1120,0.29514,6.5483,1,0.098939,0.81427
S1_H_T1121,0.51141,6.1093,1,0.18666,0.87465
S1_H_T1122,0.62315,7.5601,1,0.1606,0.92331
S1_H_T1125,0.70461,7.644,1,0.18644,0.92988
S1_H_T1126,0.55308,6.4833,1,0.12894,0.92196
S1_H_T1138,0.46272,5.7858,1,0.219,0.8296
S1_H_T1141,0.49286,6.0834,1,0.14383,0.89373
S1_H_T1145,0.53904,6.9578,1,0.024753,0.98318
S1_H_T1146,0.60054,6.8294,1,0.12142,0.93667
S1_H_T1150,0.4974,6.1362,1,0.13314,0.90247
S1_H_T1152,0.57154,7.4933,1,0.028078,0.98303
S1_H_T1158,0.71038,8.1841,1,0.066793,0.97411
S1_H_T1161,0.67915,7.4676,1,0.10347,0.95689
S1_H_T1164,0.51395,6.2571,1,0.12239,0.91487
S1_H_T1166,0.55051,6.8872,1,0.23568,0.86492
S1_H_T1167,0.61917,7.7175,1,0.22159,0.896
S1_H_T1169,0.48836,5.9175,1,0.27317,0.813
S1_H_T117,0.32151,7.5313,1,0.01851,0.96529
S1_H_T1174,0.53451,6.3901,1,0.10376,0.93203
S1_H_T1175,0.51594,7.0538,1,0.12662,0.91281
S1_H_T118,0.41788,6.7482,1,0.045552,0.95022
S1_H_T119,0.52534,6.1395,1,0.26931,0.83614
S1_H_T1191,0.51541,6.5954,1,0.12682,0.91252
S1_H_T1193,0.55438,6.8505,1,0.12748,0.9231
S1_H_T1195,0.44532,7.0692,1,0.048903,0.95281
S1_H_T1198,0.54414,7.487,1,0.062269,0.95948
S1_H_T12,0.44839,7.0729,1,0.079439,0.92649
S1_H_T1202,0.59632,6.5548,1,0.3152,0.84889
S1_H_T1204,0.47795,5.9566,1,0.12953,0.89777
S1_H_T1209,0.45999,6.2384,1,0.094108,0.91801
S1_H_T1211,0.46436,6.4683,1,0.099557,0.91515
S1_H_T1217,0.54375,6.7271,1,0.040954,0.97294
S1_H_T1222,0.53585,7.2904,1,0.10854,0.92944
S1_H_T1228,0.50279,8.4742,1,0.017163,0.98655
S1_H_T1230,0.64861,6.9001,1,0.28328,0.88088
S1_H_T1231,0.48094,6.0721,1,0.1013,0.91916
S1_H_T1233,0.45441,5.7802,1,0.16585,0.86111
S1_H_T1234,0.4853,7.3175,1,0.028731,0.97609
S1_H_T1235,0.55422,6.6915,1,0.079927,0.95034
S1_H_T1237,0.23076,6.1859,1,0.043385,0.85939
S1_H_T1238,0.59169,7.0815,1,0.085473,0.95326
S1_H_T1243,0.43142,8.028,1,0.025621,0.9731
S1_H_T1245,0.57577,7.6132,1,0.018495,0.98892
S1_H_T1247,0.56657,6.4081,1,0.32751,0.82995
S1_H_T1248,0.46494,8.3817,1,0.093814,0.91983
S1_H_T1249,0.51105,6.2235,1,0.15412,0.89405
S1_H_T1251,0.47344,5.941,1,0.21803,0.83658
S1_H_T1254,0.50286,8.7516,1,0.02102,0.98358
S1_H_T1255,0.42301,6.4941,1,0.045522,0.9514
S1_H_T1261,0.43819,6.3254,1,0.12149,0.88726
S1_H_T1262,0.60911,7.6896,1,0.0080971,0.99564
S1_H_T1264,0.53997,7.1854,1,0.083217,0.94579
S1_H_T1276,0.50799,6.3789,1,0.14086,0.90121
S1_H_T1282,0.63465,7.3913,1,0.052176,0.97465
S1_H_T1283,0.57395,7.6845,1,0.013744,0.99169
S1_H_T1284,0.48249,6.2075,1,0.13081,0.8986
S1_H_T1285,0.67003,7.8266,1,0.068465,0.97028
S1_H_T1287,0.43432,8.1782,1,0.024798,0.97428
S1_H_T129,0.56154,7.0343,1,0.0088125,0.99442
S1_H_T1293,0.58254,6.6339,1,0.26417,0.86481
S1_H_T1294,0.46341,5.8473,1,0.19175,0.84795
S1_H_T1296,0.64076,7.6683,1,0.1834,0.91768
S1_H_T1297,0.3634,8.8411,1,0.024573,0.96398
S1_H_T1300,0.39006,7.4775,1,0.032844,0.95845
S1_H_T1305,0.52729,8.0843,1,0.027225,0.98071
S1_H_T1306,0.60173,6.7398,1,0.15974,0.91862
S1_H_T1309,0.40447,6.2403,1,0.069383,0.92152
S1_H_T1311,0.51031,7.1704,1,0.08942,0.93549
S1_H_T1312,0.54437,6.7573,1,0.018837,0.9874
S1_H_T1318,0.49435,6.3282,1,0.068762,0.94652
S1_H_T132,0.53118,8.2335,1,0.051718,0.9645
S1_H_T1320,0.51455,6.2177,1,0.14459,0.90117
S1_H_T1323,0.59314,7.4624,1,0.074087,0.95943
S1_H_T1324,0.5789,7.5272,1,0.090922,0.94833
S1_H_T1325,0.57913,8.1514,1,0.051532,0.97007
S1_H_T1326,0.51573,6.2509,1,0.15856,0.89308
S1_H_T1328,0.54133,6.4425,1,0.17677,0.89195
S1_H_T1331,0.63509,8.4049,1,0.062105,0.97001
S1_H_T1332,0.51394,6.269,1,0.12441,0.91359
S1_H_T1334,0.54535,7.9019,1,0.049153,0.96788
S1_H_T1336,0.52736,6.948,1,0.017088,0.98781
S1_H_T1338,0.54777,7.1126,1,0.16136,0.90253
S1_H_T134,0.485,5.9049,1,0.25222,0.82282
S1_H_T1344,0.61877,7.0721,1,0.16844,0.91882
S1_H_T1349,0.46418,6.0721,1,0.071692,0.93737
S1_H_T1350,0.52116,9.5657,1,0.069763,0.95095
S1_H_T1351,0.574,6.5724,1,0.19065,0.89589
S1_H_T1353,0.50392,6.1884,1,0.11746,0.91501
S1_H_T1360,0.51773,6.115,1,0.23178,0.85204
S1_H_T1364,0.53009,7.0562,1,0.20682,0.87123
S1_H_T1365,0.39539,6.2891,1,0.019812,0.97518
S1_H_T1371,0.52178,6.4201,1,0.12502,0.91557
S1_H_T1372,0.61141,7.487,1,0.21534,0.89631
S1_H_T1375,0.48721,6.0061,1,0.13909,0.89472
S1_H_T1381,0.41801,6.6604,1,0.0888,0.90739
S1_H_T1383,0.48663,5.9629,1,0.1836,0.86528
S1_H_T1389,0.58661,6.7691,1,0.1136,0.93783
S1_H_T1392,0.41514,6.8493,1,0.16879,0.83564
S1_H_T1393,0.38793,7.3216,1,0.0040854,0.99458
S1_H_T1395,0.56932,7.8481,1,0.034277,0.9792
S1_H_T1396,0.61316,7.1857,1,0.098337,0.95009
S1_H_T1400,0.58183,6.9662,1,0.039043,0.97736
S1_H_T1401,0.45169,7.4545,1,0.011446,0.98886
S1_H_T1408,0.44086,6.9559,1,0.041848,0.95855
S1_H_T141,0.55454,8.6472,1,0.070305,0.9561
S1_H_T1410,0.56724,6.9349,1,0.19216,0.89291
S1_H_T1412,0.60102,7.1933,1,0.05551,0.97006
S1_H_T1415,0.43608,6.272,1,0.10395,0.90108
S1_H_T142,0.46918,6.431,1,0.12767,0.89568
S1_H_T1420,0.59578,7.3111,1,0.13257,0.93023
S1_H_T1429,0.50218,6.0236,1,0.22412,0.84856
S1_H_T1430,0.41493,8.4192,1,0.0082871,0.99043
S1_H_T1437,0.52491,7.3736,1,0.029889,0.97868
S1_H_T1439,0.57627,7.2304,1,0.099064,0.94348
S1_H_T144,0.5508,7.5134,1,0.070413,0.95547
S1_H_T1441,0.4709,6.449,1,0.060491,0.94806
S1_H_T1445,0.61583,6.9872,1,0.21499,0.8978
S1_H_T1455,0.52195,6.2901,1,0.12542,0.91537
S1_H_T1456,0.45611,5.8465,1,0.1362,0.88381
S1_H_T1464,0.49131,6.4315,1,0.051339,0.95904
S1_H_T1473,0.59681,7.0558,1,0.046094,0.97467
S1_H_T148,0.44377,6.9478,1,0.072078,0.93153
S1_H_T1481,0.46682,5.8652,1,0.16576,0.86749
S1_H_T1485,0.56606,8.1344,1,0.11953,0.93031
S1_H_T149,0.49258,6.414,1,0.033989,0.97264
S1_H_T1490,0.65553,8.5947,1,0.037601,0.98273
S1_H_T1494,0.42599,6.765,1,0.054335,0.94328
S1_H_T1496,0.64065,6.9582,1,0.18761,0.91592
S1_H_T15,0.54834,6.6334,1,0.10743,0.93305
S1_H_T1500,0.53619,8.2329,1,0.037457,0.9745
S1_H_T1507,0.44114,7.8505,1,0.068615,0.93388
S1_H_T1508,0.52659,6.5625,1,0.051327,0.96416
S1_H_T1515,0.53116,6.9188,1,0.11897,0.92193
S1_H_T1520,0.44668,5.6845,1,0.2504,0.79871
S1_H_T1521,0.49279,6.1739,1,0.10254,0.92183
S1_H_T1524,0.50234,6.6507,1,0.21135,0.85602
S1_H_T1525,0.55967,6.5672,1,0.1125,0.93272
S1_H_T1527,0.57298,8.005,1,0.085146,0.9505
S1_H_T153,0.57941,9.2336,1,0.017743,0.9895
S1_H_T1530,0.484,6.0644,1,0.11584,0.90967
S1_H_T1531,0.57898,7.2102,1,0.041762,0.97559
S1_H_T1532,0.47185,7.1529,1,0.024103,0.97872
S1_H_T1533,0.57686,7.7084,1,0.10913,0.93821
S1_H_T1534,0.55487,6.7208,1,0.10741,0.93453
S1_H_T1538,0.52944,6.2538,1,0.16586,0.89379
S1_H_T1540,0.60116,6.8355,1,0.12928,0.93298
S1_H_T1541,0.54925,6.7215,1,0.050519,0.96746
S1_H_T155,0.48539,7.4621,1,0.085131,0.93235
S1_H_T1552,0.49804,6.0817,1,0.13795,0.89953
S1_H_T1557,0.51928,6.7902,1,0.014563,0.98927
S1_H_T156,0.48585,7.7431,1,0.015537,0.98695
S1_H_T1562,0.51935,6.5022,1,0.030023,0.97814
S1_H_T1571,0.53049,6.7827,1,0.020956,0.98527
S1_H_T1573,0.55022,6.6543,1,0.04569,0.97058
S1_H_T1576,0.4393,7.1585,1,0.036501,0.96341
S1_H_T1577,0.52907,6.9192,1,0.028612,0.97989
S1_H_T158,0.47786,6.3312,1,0.030851,0.97358
S1_H_T1582,0.54566,6.7723,1,0.036357,0.97607
S1_H_T1586,0.57866,7.8162,1,0.14858,0.91819
S1_H_T1587,0.51984,6.3415,1,0.13976,0.90591
S1_H_T1595,0.52936,8.2719,1,0.034475,0.97589
S1_H_T1597,0.47138,5.9637,1,0.12958,0.89517
S1_H_T1599,0.44527,6.6766,1,0.08221,0.92313
S1_H_T1600,0.4942,6.3505,1,0.14859,0.89112
S1_H_T1601,0.44296,6.5153,1,0.018365,0.98155
S1_H_T1602,0.55966,6.3313,1,0.30427,0.83677
S1_H_T1606,0.53548,6.3583,1,0.11734,0.92406
S1_H_T1607,0.46808,5.8686,1,0.15114,0.87832
S1_H_T161,0.53481,6.9563,1,0.11722,0.92396
S1_H_T1610,0.61314,7.4288,1,0.049863,0.97406
S1_H_T1613,0.43184,7.0546,1,0.091934,0.90992
S1_H_T1614,0.58532,9.869,1,0.042075,0.97593
S1_H_T1615,0.5923,7.9555,1,0.079275,0.95659
S1_H_T1620,0.47161,6.5402,1,0.10024,0.91701
S1_H_T1622,0.46015,5.8415,1,0.15078,0.87488
S1_H_T1624,0.56637,7.0661,1,0.10893,0.93616
S1_H_T1626,0.56149,6.5756,1,0.13999,0.91813
S1_H_T1627,0.57591,7.1704,1,0.048822,0.97129
S1_H_T163,0.63748,9.2041,1,0.037744,0.98169
S1_H_T1636,0.53291,8.3435,1,0.043237,0.97033
S1_H_T1638,0.57419,6.7877,1,0.051846,0.96939
S1_H_T1639,0.46162,6.2879,1,0.070836,0.93742
S1_H_T164,0.50211,6.6031,1,0.061148,0.95355
S1_H_T1645,0.52942,6.512,1,0.11786,0.92213
S1_H_T1652,0.493,6.2838,1,0.14145,0.89536
S1_H_T1653,0.46952,5.8269,1,0.29121,0.79034
S1_H_T1659,0.61309,7.4681,1,0.21488,0.89702
S1_H_T1662,0.51796,6.7512,1,0.066608,0.95251
S1_H_T1666,0.63384,7.9107,1,0.23853,0.89347
S1_H_T1677,0.64158,7.0261,1,0.15391,0.93016
S1_H_T1678,0.51848,6.756,1,0.019901,0.98535
S1_H_T168,0.49103,6.2979,1,0.10941,0.91649
S1_H_T1682,0.54045,6.4284,1,0.13218,0.91669
S1_H_T1686,0.47453,7.0382,1,0.013194,0.98837
S1_H_T1690,0.50346,6.9037,1,0.025456,0.98023
S1_H_T1691,0.49806,7.7897,1,0.075038,0.94273
S1_H_T1692,0.50047,6.6439,1,0.075417,0.94298
S1_H_T1694,0.3996,7.6109,1,0.088389,0.89996
S1_H_T1697,0.54055,6.2651,1,0.23938,0.85872
S1_H_T1699,0.48984,6.3699,1,0.081015,0.9365
S1_H_T1701,0.60999,7.4315,1,0.04388,0.97686
S1_H_T1704,0.50477,8.312,1,0.056989,0.95701
S1_H_T171,0.39583,6.8858,1,0.014329,0.98197
S1_H_T1715,0.43081,5.5849,1,0.25846,0.78146
S1_H_T172,0.56376,7.2396,1,0.092668,0.94469
S1_H_T1724,0.52275,6.1781,1,0.18671,0.87934
S1_H_T1725,0.71412,7.8333,1,0.067473,0.97412
S1_H_T1736,0.55507,7.658,1,0.088473,0.94548
S1_H_T1737,0.65157,8.9215,1,0.079516,0.96375
S1_H_T174,0.32476,6.4313,1,0.076872,0.87232
S1_H_T1746,0.42371,6.9032,1,0.17568,0.83576
S1_H_T175,0.55137,6.3311,1,0.22296,0.87162
S1_H_T1751,0.43564,5.6107,1,0.2672,0.77958
S1_H_T1753,0.55633,7.1928,1,0.058399,0.96349
S1_H_T1756,0.49759,8.4948,1,0.036153,0.97151
S1_H_T1758,0.4808,7.0403,1,0.078405,0.93623
S1_H_T1759,0.42372,6.8417,1,0.014608,0.98392
S1_H_T176,0.4823,6.844,1,0.11548,0.90935
S1_H_T1764,0.60534,6.9068,1,0.1757,0.91217
S1_H_T1765,0.5775,6.5474,1,0.20689,0.88922
S1_H_T1766,0.43149,8.03,1,0.057905,0.94122
S1_H_T177,0.55505,8.3664,1,0.13787,0.91754
S1_H_T1770,0.54203,6.3985,1,0.15434,0.90457
S1_H_T1771,0.37754,6.4132,1,0.054144,0.92912
S1_H_T1774,0.51673,8.3249,1,0.041905,0.96945
S1_H_T1778,0.63326,7.9323,1,0.1015,0.95163
S1_H_T1779,0.60384,7.2403,1,0.2023,0.89975
S1_H_T1780,0.63318,8.1384,1,0.038059,0.98129
S1_H_T1783,0.52761,7.4972,1,0.04241,0.97031
S1_H_T179,0.57019,8.7896,1,0.017571,0.98926
S1_H_T180,0.61122,7.6896,1,0.070261,0.96361
S1_H_T1800,0.54981,7.7792,1,0.14866,0.91012
S1_H_T181,0.34338,6.0632,1,0.079613,0.8806
S1_H_T1811,0.55733,8.7135,1,0.08218,0.94955
S1_H_T1812,0.58152,8.3228,1,0.018329,0.98923
S1_H_T1814,0.52519,6.5147,1,0.10586,0.92844
S1_H_T1821,0.50124,6.1494,1,0.1872,0.86984
S1_H_T1824,0.58542,9.413,1,0.080069,0.95519
S1_H_T1826,0.67923,7.4428,1,0.23831,0.90602
S1_H_T1827,0.52908,6.2811,1,0.14989,0.9029
S1_H_T1831,0.46208,6.2543,1,0.03691,0.96645
S1_H_T1832,0.37524,6.1706,1,0.034978,0.95248
S1_H_T1836,0.57005,7.7839,1,0.079843,0.95298
S1_H_T1841,0.51219,6.2084,1,0.16616,0.88716
S1_H_T1842,0.47004,6.4258,1,0.077961,0.93383
S1_H_T1844,0.64647,7.5832,1,0.07105,0.96699
S1_H_T1847,0.59299,7.2274,1,0.088596,0.95184
S1_H_T185,0.47887,6.6602,1,0.034525,0.97065
S1_H_T186,0.54648,6.6309,1,0.1144,0.92857
S1_H_T1860,0.50471,6.0103,1,0.28466,0.81672
S1_H_T1862,0.35886,6.8073,1,0.038267,0.94369
S1_H_T1866,0.50702,9.1381,1,0.047177,0.96446
S1_H_T187,0.54239,8.6378,1,0.021978,0.98522
S1_H_T1870,0.52048,7.406,1,0.04725,0.96616
S1_H_T1874,0.56579,8.6437,1,0.036197,0.9778
S1_H_T1876,0.58256,8.0971,1,0.049074,0.97178
S1_H_T1879,0.48836,5.9175,1,0.27317,0.813
S1_H_T188,0.49794,7.094,1,0.043808,0.96573
S1_H_T1886,0.62364,7.8864,1,0.1944,0.90878
S1_H_T1897,0.52878,7.1621,1,0.059387,0.95909
S1_H_T1898,0.48161,6.936,1,0.01495,0.98722
S1_H_T19,0.45236,7.1275,1,0.015206,0.9853
S1_H_T190,0.59196,8.2431,1,0.0834,0.95438
S1_H_T1901,0.38867,6.5073,1,0.09178,0.89126
S1_H_T1906,0.52348,7.2859,1,0.15013,0.90088
S1_H_T191,0.48737,6.038,1,0.11947,0.90826
S1_H_T1911,0.47899,6.4045,1,0.11694,0.90715
S1_H_T1913,0.50204,6.1608,1,0.13038,0.9059
S1_H_T192,0.43103,7.4448,1,0.0080926,0.99133
S1_H_T1921,0.54845,7.6802,1,0.021865,0.98561
S1_H_T1922,0.36914,6.5282,1,0.035707,0.95001
S1_H_T1923,0.4709,5.8185,1,0.26129,0.80865
S1_H_T1924,0.53631,7.6672,1,0.022368,0.98462
S1_H_T1925,0.66377,8.1809,1,0.051759,0.97695
S1_H_T1926,0.5278,6.537,1,0.078253,0.9466
S1_H_T193,0.45267,7.4476,1,0.036744,0.96524
S1_H_T1934,0.54532,7.0777,1,0.13714,0.91524
S1_H_T1935,0.57672,10.8469,1,0.065253,0.96209
S1_H_T1936,0.42382,7.5498,1,0.019471,0.9787
S1_H_T195,0.47191,7.3819,1,0.058276,0.95007
S1_H_T1952,0.46419,7.7034,1,0.024372,0.97779
S1_H_T1953,0.51375,7.0012,1,0.034935,0.97411
S1_H_T196,0.58417,7.9015,1,0.072573,0.95904
S1_H_T1962,0.68406,7.583,1,0.10472,0.95699
S1_H_T1963,0.59151,7.1695,1,0.081172,0.95548
S1_H_T1965,0.59419,7.8625,1,0.094233,0.94913
S1_H_T197,0.4796,7.7718,1,0.050953,0.95741
S1_H_T1970,0.42629,7.7333,1,0.037238,0.96048
S1_H_T1975,0.54465,6.2952,1,0.21391,0.87351
S1_H_T1982,0.59512,6.985,1,0.19147,0.90206
S1_H_T1985,0.5959,7.0106,1,0.13289,0.9301
S1_H_T1987,0.57569,6.9362,1,0.048096,0.97168
S1_H_T199,0.56734,6.8298,1,0.11294,0.93417
S1_H_T1990,0.53405,6.2385,1,0.2003,0.8764
S1_H_T1991,0.51014,9.2115,1,0.059789,0.9559
S1_H_T1992,0.54781,6.3954,1,0.17877,0.89315
S1_H_T1994,0.53913,6.4309,1,0.27102,0.84228
S1_H_T1997,0.34961,6.7358,1,0.040217,0.93802
S1_H_T2000,0.54554,6.4666,1,0.11338,0.92893
S1_H_T2002,0.60089,9.4893,1,0.06439,0.96543
S1_H_T2006,0.66645,8.3864,1,0.15879,0.93301
S1_H_T2008,0.57829,8.7877,1,0.088688,0.94943
S1_H_T201,0.52244,7.5327,1,0.017544,0.98726
S1_H_T2010,0.52588,6.4617,1,0.049458,0.96533
S1_H_T2013,0.58262,8.8744,1,0.04302,0.97518
S1_H_T2015,0.57186,6.6011,1,0.1473,0.91705
S1_H_T2017,0.51404,6.0791,1,0.25303,0.83871
S1_H_T2019,0.56352,7.2768,1,0.081547,0.95096
S1_H_T2020,0.53868,6.685,1,0.07596,0.95006
S1_H_T2025,0.5836,6.7066,1,0.19387,0.89742
S1_H_T2027,0.49443,6.2337,1,0.063443,0.95046
S1_H_T2031,0.42535,6.1248,1,0.064095,0.93358
S1_H_T2032,0.19855,7.8061,1,0.038091,0.83749
S1_H_T2036,0.47337,7.0222,1,0.10804,0.91172
S1_H_T2045,0.4717,5.9656,1,0.11123,0.90877
S1_H_T2050,0.42511,7.376,1,0.026532,0.97136
S1_H_T2055,0.57885,7.1438,1,0.017645,0.98954
S1_H_T2061,0.44164,5.6869,1,0.22805,0.80985
S1_H_T2062,0.5382,7.3043,1,0.11172,0.92811
S1_H_T2064,0.48155,6.6576,1,0.13258,0.89701
S1_H_T2066,0.51153,6.7258,1,0.024485,0.98156
S1_H_T2070,0.51078,7.1978,1,0.0077642,0.99406
S1_H_T2071,0.43941,5.8462,1,0.17945,0.84271
S1_H_T2075,0.55268,6.6498,1,0.085552,0.94675
S1_H_T2077,0.64138,7.4186,1,0.057296,0.97279
S1_H_T208,0.31518,7.3057,1,0.54929,0.47383
S1_H_T2082,0.49105,6.8048,1,0.057107,0.9546
S1_H_T2084,0.47024,6.5487,1,0.017277,0.98455
S1_H_T2086,0.32674,8.2689,1,0.030147,0.94633
S1_H_T2089,0.58532,9.869,1,0.042075,0.97593
S1_H_T2094,0.58225,7.6543,1,0.048318,0.97217
S1_H_T2095,0.48162,6.7061,1,0.033228,0.97204
S1_H_T2097,0.52826,6.5244,1,0.16464,0.89407
S1_H_T2100,0.60418,8.0724,1,0.023202,0.9874
S1_H_T2105,0.68421,9.3259,1,0.13455,0.94543
S1_H_T2107,0.4709,5.8185,1,0.26129,0.80865
S1_H_T2109,0.46235,5.7807,1,0.23552,0.81883
S1_H_T211,0.59759,7.2829,1,0.034826,0.98079
S1_H_T2113,0.50409,6.1283,1,0.17733,0.87708
S1_H_T2120,0.49024,5.9961,1,0.16191,0.88083
S1_H_T2127,0.48014,8.0391,1,0.035846,0.96972
S1_H_T2129,0.60442,7.1106,1,0.089333,0.95319
S1_H_T213,0.44905,6.5242,1,0.057291,0.94602
S1_H_T2130,0.40113,6.5688,1,0.022155,0.97309
S1_H_T2143,0.48284,6.5954,1,0.075025,0.9393
S1_H_T2144,0.48882,6.8079,1,0.053082,0.95729
S1_H_T2147,0.55299,6.6584,1,0.18251,0.89297
S1_H_T2151,0.38302,6.4601,1,0.038841,0.94952
S1_H_T2153,0.58505,7.3885,1,0.066047,0.9627
S1_H_T2158,0.53225,8.5795,1,0.027649,0.98078
S1_H_T216,0.4762,6.0063,1,0.17275,0.86732
S1_H_T2160,0.43264,5.829,1,0.12789,0.87935
S1_H_T2163,0.5482,7.5394,1,0.13367,0.918
S1_H_T2164,0.52241,8.7248,1,0.023054,0.98332
S1_H_T2166,0.52828,6.6223,1,0.065364,0.95508
S1_H_T2167,0.61043,8.8619,1,0.028077,0.98509
S1_H_T2168,0.4834,6.8703,1,0.053553,0.956
S1_H_T2174,0.60928,7.3915,1,0.061846,0.96763
S1_H_T2176,0.50696,7.1267,1,0.034172,0.97399
S1_H_T2178,0.37401,6.3548,1,0.10108,0.87328
S1_H_T2181,0.61547,8.6904,1,0.063888,0.96724
S1_H_T2182,0.56921,6.6134,1,0.12706,0.927
S1_H_T2187,0.46832,7.9232,1,0.044,0.96127
S1_H_T2189,0.50293,6.1036,1,0.20081,0.86249
S1_H_T2191,0.42686,6.2252,1,0.035446,0.9624
S1_H_T2194,0.46139,6.1688,1,0.10832,0.90729
S1_H_T2195,0.44584,6.6593,1,0.13592,0.87926
S1_H_T2197,0.35029,7.3101,1,0.1244,0.83085
S1_H_T2200,0.56777,7.2227,1,0.054591,0.96711
S1_H_T2205,0.56738,6.6306,1,0.13975,0.91981
S1_H_T2208,0.35601,6.6468,1,0.099223,0.86415
S1_H_T221,0.52224,7.3329,1,0.18436,0.88048
S1_H_T2210,0.43376,5.5933,1,0.29411,0.76108
S1_H_T222,0.55564,6.7531,1,0.11509,0.93035
S1_H_T2226,0.47989,6.2729,1,0.031233,0.97349
S1_H_T2233,0.68433,7.8538,1,0.18583,0.9262
S1_H_T2234,0.52184,6.5477,1,0.1683,0.88959
S1_H_T2235,0.55184,8.1869,1,0.058543,0.96283
S1_H_T2239,0.53047,6.7366,1,0.060542,0.95858
S1_H_T224,0.67237,9.968,1,0.13568,0.94316
S1_H_T2246,0.64252,7.6538,1,0.12331,0.94341
S1_H_T2250,0.67401,8.3252,1,0.047087,0.97961
S1_H_T2252,0.53382,6.4248,1,0.1898,0.88203
S1_H_T2253,0.56211,7.6553,1,0.032373,0.97984
S1_H_T2254,0.69476,7.3969,1,0.1742,0.93242
S1_H_T2255,0.47009,6.0619,1,0.093143,0.92196
S1_H_T2258,0.38305,8.122,1,0.035422,0.95376
S1_H_T226,0.50119,6.9963,1,0.094958,0.92944
S1_H_T2261,0.56901,7.2471,1,0.052091,0.9687
S1_H_T2269,0.60188,7.0569,1,0.040582,0.978
S1_H_T227,0.47118,8.2159,1,0.03341,0.97067
S1_H_T2271,0.47041,7.1137,1,0.027843,0.97536
S1_H_T2272,0.42173,6.6812,1,0.063519,0.93308
S1_H_T2273,0.41979,8.4701,1,0.015789,0.98232
S1_H_T228,0.47441,7.7281,1,0.02893,0.97484
S1_H_T2280,0.5446,6.28,1,0.24516,0.85763
S1_H_T2281,0.46917,5.9937,1,0.11712,0.90346
S1_H_T2284,0.64903,7.3337,1,0.1127,0.94901
S1_H_T229,0.61366,9.2081,1,0.10606,0.94647
S1_H_T2295,0.5173,6.2123,1,0.16551,0.88952
S1_H_T2296,0.59067,8.9278,1,0.080824,0.95555
S1_H_T2298,0.55943,6.9689,1,0.070693,0.95661
S1_H_T2301,0.49936,6.5083,1,0.028379,0.97766
S1_H_T2302,0.37642,6.6604,1,0.012918,0.98202
S1_H_T2303,0.63226,7.6905,1,0.039429,0.98058
S1_H_T2305,0.49576,7.7454,1,0.0276,0.97795
S1_H_T2311,0.53404,7.2843,1,0.077492,0.94826
S1_H_T2313,0.58713,7.4477,1,0.078479,0.95628
S1_H_T2317,0.57349,7.2764,1,0.019065,0.98849
S1_H_T2323,0.61069,8.3894,1,0.064569,0.9664
S1_H_T2324,0.45674,5.7368,1,0.25673,0.80183
S1_H_T2328,0.49705,7.0003,1,0.01717,0.98624
S1_H_T2330,0.61287,6.9403,1,0.087617,0.95525
S1_H_T2331,0.45778,5.7562,1,0.22825,0.82053
S1_H_T2332,0.49256,7.986,1,0.06183,0.95131
S1_H_T2333,0.60864,8.1944,1,0.037562,0.98004
S1_H_T2334,0.64572,7.6399,1,0.062531,0.97076
S1_H_T2336,0.661,7.5234,1,0.093402,0.95884
S1_H_T2338,0.55833,7.719,1,0.087199,0.94681
S1_H_T2342,0.46477,7.2589,1,0.055062,0.9513
S1_H_T2344,0.61391,7.1261,1,0.04225,0.97798
S1_H_T2353,0.43196,8.4114,1,0.029896,0.96883
S1_H_T2360,0.45678,5.7747,1,0.22696,0.82072
S1_H_T2362,0.65336,8.1754,1,0.04592,0.97885
S1_H_T2364,0.66057,7.4784,1,0.22057,0.90784
S1_H_T2365,0.42755,6.4621,1,0.080086,0.91913
S1_H_T2377,0.58162,8.8928,1,0.0053819,0.99682
S1_H_T238,0.65247,7.6881,1,0.0942,0.95745
S1_H_T2380,0.46376,5.8406,1,0.15469,0.87379
S1_H_T2385,0.64454,8.8898,1,0.069512,0.96749
S1_H_T2387,0.56101,6.6314,1,0.26082,0.85732
S1_H_T2390,0.59411,9.5277,1,0.051347,0.97162
S1_H_T2391,0.60908,7.1322,1,0.072062,0.96246
S1_H_T2393,0.54767,6.7809,1,0.063255,0.95937
S1_H_T2396,0.49973,7.146,1,0.043986,0.96584
S1_H_T2397,0.48057,6.0389,1,0.1003,0.91978
S1_H_T2398,0.43157,6.5176,1,0.034736,0.9639
S1_H_T2399,0.54808,7.0908,1,0.11266,0.92996
S1_H_T24,0.61445,7.3616,1,0.093001,0.95286
S1_H_T2401,0.45724,6.0515,1,0.069025,0.93782
S1_H_T2405,0.70483,7.7247,1,0.11724,0.95475
S1_H_T2408,0.60264,7.901,1,0.01305,0.99284
S1_H_T242,0.51203,7.2146,1,0.071992,0.94774
S1_H_T2420,0.39615,6.9597,1,0.0079917,0.98988
S1_H_T2421,0.4959,7.1298,1,0.039466,0.96878
S1_H_T2422,0.32668,7.7334,1,0.04427,0.9231
S1_H_T2427,0.48523,5.914,1,0.24037,0.82987
S1_H_T2429,0.61233,7.4271,1,0.11309,0.94289
S1_H_T2432,0.56589,6.8082,1,0.067042,0.95965
S1_H_T2436,0.48529,7.5688,1,0.094381,0.92552
S1_H_T2437,0.43251,6.0683,1,0.1254,0.88135
S1_H_T2445,0.67982,9.1967,1,0.20329,0.91883
S1_H_T2446,0.43101,6.8363,1,0.11337,0.89083
S1_H_T2449,0.56931,8.4797,1,0.14833,0.91583
S1_H_T245,0.4735,6.3443,1,0.043633,0.96239
S1_H_T2450,0.67009,7.1756,1,0.29307,0.88411
S1_H_T2454,0.47763,5.9172,1,0.24022,0.82545
S1_H_T2459,0.40643,6.9607,1,0.082339,0.90901
S1_H_T2462,0.38703,7.4662,1,0.042086,0.94659
S1_H_T2468,0.47419,5.927,1,0.14284,0.88686
S1_H_T2470,0.48569,6.1431,1,0.112,0.91295
S1_H_T2475,0.51118,6.1715,1,0.13633,0.90516
S1_H_T2481,0.47482,7.8349,1,0.034706,0.97001
S1_H_T2485,0.58136,8.0198,1,0.032476,0.98107
S1_H_T2488,0.54465,6.2952,1,0.21391,0.87351
S1_H_T2491,0.48042,6.8009,1,0.24059,0.82691
S1_H_T2495,0.52363,8.7571,1,0.020515,0.9852
S1_H_T2497,0.55845,6.6734,1,0.086173,0.94743
S1_H_T25,0.44045,6.5511,1,0.10211,0.90441
S1_H_T2502,0.62355,8.2477,1,0.18998,0.91065
S1_H_T2507,0.36915,6.6626,1,0.049521,0.93199
S1_H_T251,0.67158,8.0253,1,0.10494,0.95536
S1_H_T2511,0.60878,7.4797,1,0.031379,0.98328
S1_H_T2513,0.6538,8.0479,1,0.057962,0.97349
S1_H_T2519,0.52517,8.2792,1,0.00863,0.99376
S1_H_T2520,0.54881,6.6514,1,0.15405,0.90686
S1_H_T2524,0.48478,6.1,1,0.1214,0.90601
S1_H_T2526,0.55979,6.5187,1,0.12521,0.92572
S1_H_T2531,0.6032,7.196,1,0.045004,0.97576
S1_H_T2536,0.52496,7.3896,1,0.03603,0.97442
S1_H_T2538,0.4823,7.1141,1,0.10773,0.91491
S1_H_T2539,0.5009,8.684,1,0.057965,0.95566
S1_H_T2543,0.54736,8.9744,1,0.02509,0.98346
S1_H_T2544,0.50581,7.2747,1,0.0083865,0.99346
S1_H_T2546,0.50796,6.6039,1,0.040265,0.96961
S1_H_T2547,0.64979,7.3694,1,0.10774,0.95125
S1_H_T2552,0.52945,7.9263,1,0.056083,0.96137
S1_H_T2555,0.56122,7.1982,1,0.022023,0.98615
