id, 1hr, 2hr, 3hr, 4hr, 6hr, 7hr, 8hr, 9hr,10hr
EMPTY,14.107,13.437,13.2402,12.9282,13.0589,12.1524,11.9881,10.1213,10.3956
S0_M_T10,6.209,5.7738,5.8239,5.2889,5.2224,5.033,3.8673,3.2224,3.2224
S0_M_T1002,6.6796,6.0604,6.2952,5.5914,5.0298,4.618,3.5778,3.2224,3.2224
S0_M_T1006,6.3931,5.8023,6.1458,5.8083,5.3099,4.8173,3.2224,3.2224,3.2224
S0_M_T1008,5.9201,5.085,4.6864,3.9669,3.5443,3.7702,3.2224,3.2224,3.2224
S0_M_T1009,6.3343,5.5225,5.1193,4.382,4.0298,3.8633,3.2224,3.2224,3.2224
S0_M_T1013,7.2401,6.3774,6.5344,6.1633,5.6818,5.448,4.9928,3.2224,3.2224
S0_M_T1014,6.4496,5.7447,5.5739,4.8414,4.2224,4.0332,4.1083,3.2224,3.2224
S0_M_T1017,5.9595,5.085,5.1718,4.9669,4.5443,3.8633,3.4078,3.2224,3.2224
S0_M_T102,5.7505,5.8303,5.3644,5.2889,5.3099,4.2555,4.5778,3.2664,3.986
S0_M_T1022,6.8779,6.0366,6.1458,6.0258,5.3099,5.1485,4.5778,3.2224,3.2224
S0_M_T1027,6.8779,5.8578,6.4519,6.1893,5.3099,4.9075,3.9928,3.2224,3.2224
S0_M_T1029,6.4496,5.9112,5.3644,4.7743,4.2224,4.1112,3.2224,3.2224,3.2224
S0_M_T1032,6.1073,5.3004,5.1193,5.24,4.8074,4.4481,3.8673,3.2224,3.2224
S0_M_T1034,6.273,5.8023,5.8563,5.4264,5.1293,5.185,4.3147,3.2224,3.2224
S0_M_T1039,8.0697,7.2059,7.0083,6.8738,6.1293,5.8854,4.8002,3.2224,3.2224
S0_M_T1041,6.504,5.9627,6.5739,6.4481,6.0804,5.7699,5.2152,3.2224,3.2224
S0_M_T1047,8.9471,8.2987,8.1782,8.0113,7.5974,7.0329,6.0517,3.7425,4.3548
S0_M_T1048,7.5554,6.6529,6.4729,6.0824,5.3099,4.9075,3.7298,3.2224,3.2224
S0_M_T1050,7.8247,7.3578,7.7043,7.5317,7.0804,6.4777,5.6558,3.2224,3.5716
S0_M_T1051,6.504,5.7447,5.9791,5.7039,5.6147,5.3225,4.4078,3.2224,3.2224
S0_M_T1052,7.1578,6.4693,6.4519,6.1893,5.5443,4.4481,3.7298,3.2224,3.2224
S0_M_T1055,6.7261,5.8303,5.9494,5.6674,5.2224,4.618,4.1083,3.2224,3.2224
S0_M_T1056,5.9979,5.1751,5.5344,5.0258,4.3923,4.7211,3.5778,3.2224,3.2224
S0_M_T1059,8.8508,8.3431,8.6818,8.4099,7.9639,7.4404,6.3386,3.8299,4.3076
S0_M_T1063,5.9595,5.3783,5.5344,5.24,4.5443,4.2555,3.2224,3.2224,3.2224
S0_M_T1065,6.5564,6.0124,6.919,6.7914,6.2668,5.4778,4.8673,3.2224,3.2224
S0_M_T1072,6.304,5.9627,6.0923,5.8083,5.6147,4.3867,3.2224,3.2224,3.2224
S0_M_T1073,6.0353,5.4157,5.6864,5.8083,5.5443,4.8631,3.7298,3.2224,3.2224
S0_M_T1075,6.1073,5.085,5.3186,4.8414,4.0298,3.5638,3.2224,3.2224,3.2224
S0_M_T1076,5.7505,5.1307,5.5739,5.5519,5.0298,3.7702,3.4078,3.2224,3.2224
S0_M_T1082,6.958,5.9372,5.7567,5.7743,5.1293,4.507,3.9928,3.2224,3.2224
S0_M_T1083,7.0883,6.152,6.5932,5.7395,5.746,5.721,3.8673,3.2224,3.2224
S0_M_T109,6.4771,6.1069,5.722,5.2889,4.5443,5.185,4.1083,3.2224,3.2224
S0_M_T1090,6.3343,5.3783,5.4519,5.3362,5.1293,4.9924,3.7298,3.2224,3.2224
S0_M_T1091,6.5819,6.174,5.6498,5.4694,4.6818,4.5636,3.4078,3.2224,3.2224
S0_M_T1093,6.6796,5.9112,5.9494,5.4264,4.6818,4.618,3.7298,3.2224,3.2224
S0_M_T1096,8.0876,7.4777,7.6498,7.24,6.6147,6.0529,5.0517,3.2224,3.5716
S0_M_T1100,6.607,5.8023,6.1193,5.6299,4.8074,4.4481,3.2224,3.2224,3.2224
S0_M_T1105,6.7261,6.1957,6.9343,7.1633,6.6147,5.8172,5.2658,3.2224,3.2224
S0_M_T1107,7.967,7.3674,7.4519,7.4154,6.8948,6.2029,5.1083,3.7425,3.7234
S0_M_T1110,6.142,5.622,6.0083,5.6299,5.4703,4.618,3.8673,3.2224,3.2224
S0_M_T1113,5.6576,5.3399,5.6124,5.5113,5.1293,3.5638,3.2224,3.2224,3.2224
S0_M_T1116,6.1759,5.715,5.7567,5.3362,5.2224,4.6705,4.3147,3.2224,3.2224
S0_M_T1117,7.3028,6.6685,6.7738,6.5113,5.9229,5.6704,4.9314,3.3278,3.3091
S0_M_T1119,6.0718,5.1751,5.0649,4.7743,4.6818,4.2555,3.2224,3.2224,3.2224
S0_M_T1125,6.9964,6.4332,6.3417,6.4044,5.9773,4.8173,3.4078,3.2224,3.2224
S0_M_T1126,6.5304,5.9372,5.919,5.8738,4.6818,4.8631,3.5778,3.2224,3.2224
S0_M_T1135,6.6316,5.8847,6.5344,6.3127,5.746,5.5069,4.4078,3.2224,3.2224
S0_M_T1136,6.2414,5.3783,5.4519,5.8083,5.0298,4.77,3.8673,3.2224,3.2224
S0_M_T1143,7.9573,7.6835,7.4625,7.2889,6.9229,7.0128,6.0803,4.2016,3.986
S0_M_T1145,6.9964,6.3774,6.2713,6.0824,5.4703,5.1485,4.4953,3.2224,3.2224
S0_M_T1149,6.504,5.5564,6.2224,5.5914,5.3923,4.8173,4.4078,3.2224,3.2224
S0_M_T1150,7.0704,6.2588,5.722,5.24,5.0298,4.2555,3.8673,3.2224,3.2224
S0_M_T1151,6.3343,5.2181,7.6864,7.7218,7.5443,5.863,5.9314,3.2224,3.2224
S0_M_T1152,6.4217,4.3802,6.8074,6.9669,7.1766,5.8854,5.5371,3.2224,3.2224
S0_M_T1153,5.9595,4.3802,6.2952,6.3127,6.3923,5.4177,5.0517,3.2224,3.2224
S0_M_T1154,6.4771,5.9112,5.722,5.2889,5.1293,4.8173,3.5778,3.2224,3.2224
S0_M_T1158,8.2868,7.4688,6.9494,6.3593,5.8074,5.618,4.6558,3.2664,3.2224
S0_M_T1162,6.6796,5.715,5.6498,5.4694,4.9229,4.618,3.4078,3.2224,3.2224
S0_M_T117,6.5564,5.7738,5.2713,4.8414,3.2224,3.9507,3.4078,3.2224,3.2224
S0_M_T1176,5.7505,5.3004,4.3644,3.5519,3.2224,3.2224,3.2224,3.2224,3.2224
S0_M_T118,7.392,6.8707,6.4088,5.6674,4.8074,4.507,3.8673,3.2224,3.2224
S0_M_T119,6.9964,6.3774,5.4937,5.5519,5.3923,4.9075,3.7298,3.2224,3.2224
S0_M_T1194,6.0353,5.2181,4.8239,4.2889,4.2224,3.5638,3.2224,3.2224,3.2224
S0_M_T1205,6.607,5.8023,5.0649,4.7039,3.8074,4.2555,3.4078,3.2224,3.2224
S0_M_T1208,5.8378,5.3004,4.4519,4.2889,3.8074,3.7702,3.2224,3.2224,3.2224
S0_M_T121,8.2475,7.4236,6.9343,6.3593,5.8074,5.618,4.7298,3.2224,3.2224
S0_M_T1210,7.3181,7.1178,6.4937,5.8738,6.3099,6.4629,5.4953,5.0086,4.892
S0_M_T1211,7.503,6.9871,6.3644,5.9055,5.8074,5.6704,3.7298,3.55,3.3091
S0_M_T1212,7.503,7.1403,6.6498,6.1633,6.1766,5.5069,4.4953,3.2664,3.402
S0_M_T1213,8.1486,7.751,7.1718,6.8898,6.6818,6.863,5.8002,5.0817,4.7925
S0_M_T1214,7.392,6.9365,6.4519,6.3127,5.746,5.1485,4.2152,3.2224,3.2224
S0_M_T1215,9.2981,8.8395,8.1653,7.7998,7.6654,7.514,6.5576,5.6605,4.8596
S0_M_T1216,6.8572,5.9627,5.2713,4.7743,4.6818,3.7702,3.2224,3.2224,3.2224
S0_M_T1217,7.1578,6.6529,6.0923,5.7395,5.0298,5.0726,3.8673,3.6494,3.2224
S0_M_T1218,6.4217,6.0124,5.4519,4.9055,5.1293,5.3549,4.3147,3.7868,3.2224
S0_M_T1219,8.4958,7.7799,7.0226,6.5914,6.3517,6.1298,5.4078,4.1345,3.6495
S0_M_T1220,5.4518,5.2598,4.8239,4.1893,3.5443,4.1112,3.2224,3.2224,3.2224
S0_M_T1221,5.6576,5.4878,4.9494,4.2889,4.3923,4.4481,3.7298,3.2224,3.2224
S0_M_T1222,6.4217,5.8847,5.3186,5.24,4.8074,4.507,4.1083,3.2224,3.2224
S0_M_T123,6.4217,5.715,5.1718,4.7743,4.3923,3.9507,3.2224,3.2224,3.2224
S0_M_T1243,6.0718,5.7738,5.0083,4.382,3.5443,3.2224,3.2224,3.2224,3.2224
S0_M_T1251,5.9201,5.4878,4.8239,4.2889,3.2224,3.2224,3.2224,3.2224,3.2224
S0_M_T1252,5.8795,5.3783,4.7567,3.9669,3.2224,3.2224,3.2224,3.2224,3.2224
S0_M_T1263,6.4217,5.8023,5.4937,4.5519,3.2224,3.2224,3.2224,3.2224,3.2224
S0_M_T1279,7.4206,6.744,6.2713,5.8414,5.6147,5.5355,4.4953,3.2224,3.2224
S0_M_T1280,9.2027,8.5758,8.3244,8.0186,7.58,7.3866,6.2905,4.8294,4.892
S0_M_T13,5.506,5.3783,5.0649,4.7743,3.8074,4.0332,3.4078,3.3278,3.2224
S0_M_T1305,6.4496,5.5896,5.4088,4.9055,4.2224,4.1112,3.2224,3.2224,3.2224
S0_M_T1306,6.7261,5.8578,5.722,5.24,4.6818,4.3226,3.2224,3.2224,3.2224
S0_M_T1309,7.2561,6.5723,6.0923,5.8414,5.1293,5.3549,3.7298,3.2224,3.2224
S0_M_T1313,6.209,5.5225,4.7567,4.2889,4.2224,3.4483,3.2224,3.2224,3.2224
S0_M_T1314,7.3775,6.5388,6.2713,5.9669,5.3099,5.2206,3.8673,3.2224,3.2224
S0_M_T137,8.7754,8.3186,7.7653,7.5215,6.9229,7.0128,6.0225,5.1512,4.7925
S0_M_T138,5.8795,5.1751,4.4519,4.1893,3.5443,3.6707,3.2224,3.2224,3.2224
S0_M_T140,9.1483,8.5211,8.1653,7.5817,6.2668,6.1668,5.2658,4.7643,4.8596
S0_M_T142,8.7754,8.3186,7.7653,7.5215,6.9229,7.0128,6.0225,5.1512,4.7925
S0_M_T145,9.1483,8.5211,8.1653,7.5817,6.2668,6.1668,5.2658,4.7643,4.8596
S0_M_T148,9.1483,8.5211,8.1653,7.5817,6.2668,6.1668,5.2658,4.7643,4.8596
S0_M_T149,8.7754,8.3186,7.7653,7.5215,6.9229,7.0128,6.0225,5.1512,4.7925
S0_M_T15,6.1759,5.4878,5.4088,4.9055,4.0298,3.2224,3.2224,3.2224,3.2224
S0_M_T150,5.8795,5.1751,4.4519,4.1893,3.5443,3.6707,3.2224,3.2224,3.2224
S0_M_T152,6.8779,6.487,6.0923,5.6674,5.0298,5.5635,4.7298,3.2224,3.2224
S0_M_T153,8.7754,8.3186,7.7653,7.5215,6.9229,7.0128,6.0225,5.1512,4.7925
S0_M_T155,9.1483,8.5211,8.1653,7.5817,6.2668,6.1668,5.2658,4.7643,4.8596
S0_M_T156,8.7754,8.3186,7.7653,7.5215,6.9229,7.0128,6.0225,5.1512,4.7925
S0_M_T157,5.8795,5.1751,4.4519,4.1893,3.5443,3.6707,3.2224,3.2224,3.2224
S0_M_T159,9.1483,8.5211,8.1653,7.5817,6.2668,6.1668,5.2658,4.7643,4.8596
S0_M_T161,8.7754,8.3186,7.7653,7.5215,6.9229,7.0128,6.0225,5.1512,4.7925
S0_M_T162,5.8795,5.1751,4.4519,4.1893,3.5443,3.6707,3.2224,3.2224,3.2224
S0_M_T164,9.1483,8.5211,8.1653,7.5817,6.2668,6.1668,5.2658,4.7643,4.8596
S0_M_T169,9.1483,8.5211,8.1653,7.5817,6.2668,6.1668,5.2658,4.7643,4.8596
S0_M_T170,8.7754,8.3186,7.7653,7.5215,6.9229,7.0128,6.0225,5.1512,4.7925
S0_M_T171,9.1483,8.5211,8.1653,7.5817,6.2668,6.1668,5.2658,4.7643,4.8596
S0_M_T172,8.7754,8.3186,7.7653,7.5215,6.9229,7.0128,6.0225,5.1512,4.7925
S0_M_T173,5.8795,5.1751,4.4519,4.1893,3.5443,3.6707,3.2224,3.2224,3.2224
S0_M_T175,9.1483,8.5211,8.1653,7.5817,6.2668,6.1668,5.2658,4.7643,4.8596
S0_M_T176,8.7754,8.3186,7.7653,7.5215,6.9229,7.0128,6.0225,5.1512,4.7925
S0_M_T177,6.0353,5.4522,4.5344,3.9669,3.8074,3.6707,3.2224,3.2224,3.2224
S0_M_T179,9.1483,8.5211,8.1653,7.5817,6.2668,6.1668,5.2658,4.7643,4.8596
S0_M_T180,5.8795,5.1751,4.4519,4.1893,3.5443,3.6707,3.2224,3.2224,3.2224
S0_M_T181,8.7754,8.3186,7.7653,7.5215,6.9229,7.0128,6.0225,5.1512,4.7925
S0_M_T182,5.8795,5.1751,4.4519,4.1893,3.5443,3.6707,3.2224,3.2224,3.2224
S0_M_T19,6.304,5.8578,5.4519,5.24,4.5443,4.5636,3.8673,3.2224,3.2224
S0_M_T191,7.7252,6.9365,6.3644,6.0544,5.5443,5.3866,4.2152,3.6967,3.5716
S0_M_T192,6.703,5.9627,5.4519,5.24,5.2224,4.77,4.2152,3.6967,3.3091
S0_M_T193,7.0153,6.3962,5.919,5.1369,4.6818,3.7702,3.2224,3.2224,3.2224
S0_M_T194,7.7137,7.3385,6.7395,6.3362,5.5443,5.6959,5.3147,4.2016,4.3548
S0_M_T195,5.6089,5.4157,5.3644,4.5519,4.2224,3.2224,3.2224,3.2224,3.2224
S0_M_T198,5.3366,4.9889,5.6498,5.5519,4.8074,5.185,4.7298,3.2224,4.6483
S0_M_T207,7.106,6.4693,5.9494,5.5113,4.9229,4.8173,3.5778,3.2224,3.2224
S0_M_T221,5.3366,4.9889,5.6498,5.5519,4.8074,5.185,4.7298,3.2224,4.6483
S0_M_T223,7.106,6.4693,5.9494,5.5113,4.9229,4.8173,3.5778,3.2224,3.2224
S0_M_T228,7.106,6.4693,5.9494,5.5113,4.9229,4.8173,3.5778,3.2224,3.2224
S0_M_T236,7.7252,6.9365,6.3644,6.0544,5.5443,5.3866,4.2152,3.6967,3.5716
S0_M_T237,6.1073,5.5896,5.2224,4.9669,4.0298,4.1851,3.5778,3.2224,3.2224
S0_M_T238,7.0153,6.3962,5.919,5.1369,4.6818,3.7702,3.2224,3.2224,3.2224
S0_M_T239,7.7137,7.3385,6.7395,6.3362,5.5443,5.6959,5.3147,4.2016,4.3548
S0_M_T243,5.3366,4.9889,5.6498,5.5519,4.8074,5.185,4.7298,3.2224,4.6483
S0_M_T244,6.6316,5.7738,6.2471,5.8414,5.746,5.7457,5.1083,3.2224,4.0448
S0_M_T245,6.0353,4.9384,5.0649,4.8414,4.0298,4.1112,3.2224,3.2224,3.2224
S0_M_T252,7.106,6.4693,5.9494,5.5113,4.9229,4.8173,3.5778,3.2224,3.2224
S0_M_T259,6.0353,5.3399,5.3186,4.7039,4.0298,4.507,3.5778,3.2224,3.2224
S0_M_T26,5.9595,5.5225,5.0649,4.7039,4.2224,3.7702,3.2224,3.2224,3.2224
S0_M_T261,6.2414,5.8578,5.4519,4.9669,4.9229,4.8631,3.9928,3.2224,3.2224
S0_M_T263,6.0353,5.3399,5.3186,4.7039,4.0298,4.507,3.5778,3.2224,3.2224
S0_M_T265,7.2561,6.3389,6.6312,5.9669,5.8074,5.448,4.5778,3.2224,3.2224
S0_M_T266,6.273,5.3399,5.3644,4.9669,4.6818,4.3226,3.2224,3.2224,3.2224
S0_M_T268,7.2561,6.3389,6.6312,5.9669,5.8074,5.448,4.5778,3.2224,3.2224
S0_M_T270,7.2561,6.3389,6.6312,5.9669,5.8074,5.448,4.5778,3.2224,3.2224
S0_M_T271,6.273,5.3399,5.3644,4.9669,4.6818,4.3226,3.2224,3.2224,3.2224
S0_M_T289,7.2561,6.3389,6.6312,5.9669,5.8074,5.448,4.5778,3.2224,3.2224
S0_M_T29,5.9595,5.3399,5.0083,3.9669,3.5443,3.2224,3.2224,3.2224,3.2224
S0_M_T291,7.2561,6.3389,6.6312,5.9669,5.8074,5.448,4.5778,3.2224,3.2224
S0_M_T292,6.273,5.3399,5.3644,4.9669,4.6818,4.3226,3.2224,3.2224,3.2224
S0_M_T296,8.1228,7.6047,6.919,6.7743,6.6147,6.3549,5.6932,4.3568,3.7936
S0_M_T298,8.1228,7.6047,6.919,6.7743,6.6147,6.3549,5.6932,4.3568,3.7936
S0_M_T299,6.1073,5.5564,5.0083,4.7039,3.5443,3.8633,3.2224,3.2224,3.2224
S0_M_T31,6.4217,5.9877,5.5344,5.0824,4.8074,4.9075,3.9928,3.2224,3.2224
S0_M_T32,6.607,5.7447,5.4519,4.8414,4.2224,3.3229,3.2224,3.2224,3.2224
S0_M_T321,6.142,5.8023,5.0649,5.0258,4.5443,5.2206,3.9928,3.2224,3.3091
S0_M_T337,5.7948,5.4522,5.1718,4.8414,4.2224,3.3229,3.2224,3.2224,3.2224
S0_M_T341,7.106,6.5388,6.3417,5.382,5.3923,4.77,4.1083,3.2224,3.2224
S0_M_T348,6.273,5.9112,5.4937,4.8414,4.3923,4.2555,3.8673,3.2224,3.2224
S0_M_T35,5.9201,5.1307,5.5739,4.9669,3.2224,3.5638,3.2224,3.2224,3.2224
S0_M_T351,5.7948,5.4522,5.1718,4.8414,4.2224,3.3229,3.2224,3.2224,3.2224
S0_M_T353,5.8795,5.4522,4.888,4.6299,3.2224,3.7702,3.2224,3.2224,3.2224
S0_M_T355,8.6783,8.1732,7.7481,7.4373,6.9773,7.1391,5.9928,3.8299,4.6483
S0_M_T357,5.8795,5.4522,4.888,4.6299,3.2224,3.7702,3.2224,3.2224,3.2224
S0_M_T359,8.6783,8.1732,7.7481,7.4373,6.9773,7.1391,5.9928,3.8299,4.6483
S0_M_T369,6.3931,5.8023,5.3186,4.7743,5.1293,4.7211,3.4078,3.2224,3.2224
S0_M_T370,6.2414,5.8303,5.1718,4.7039,3.8074,3.5638,3.2224,3.2224,3.2224
S0_M_T383,6.304,5.6846,5.6498,5.1893,4.5443,4.1851,3.2224,3.2224,3.2224
S0_M_T396,6.142,5.5896,4.8239,4.7743,3.8074,4.2555,3.2224,3.2224,3.2224
S0_M_T399,5.6089,5.3783,4.6124,4.0824,3.2224,3.5638,3.2224,3.2224,3.2224
S0_M_T400,5.7505,5.3783,5.1193,4.7743,4.5443,4.0332,3.2224,3.2224,3.2224
S0_M_T403,7.1578,6.3962,5.9791,5.1893,4.8074,4.7211,3.5778,3.2224,3.2224
S0_M_T407,5.7505,5.4522,4.6864,4.6299,3.2224,3.2224,3.2224,3.2224,3.2224
S0_M_T42,6.2414,5.4522,4.9494,4.5519,3.5443,3.7702,3.2224,3.2224,3.2224
S0_M_T427,5.5584,5.3783,4.7567,4.5519,3.2224,3.8633,3.2224,3.2224,3.2224
S0_M_T428,6.1759,5.8023,5.1718,5.0824,4.3923,4.4481,3.2224,3.2224,3.2224
S0_M_T431,6.5819,6.0839,5.4937,5.0824,4.5443,4.4481,3.8673,3.2224,3.2224
S0_M_T432,7.8771,7.2686,6.5344,6.1099,5.9229,5.618,4.4078,3.8716,3.2224
S0_M_T459,5.6089,5.4157,4.4519,3.9669,3.2224,3.3229,3.2224,3.2224,3.2224
S0_M_T46,5.5584,5.4522,4.7567,4.1893,4.2224,4.507,3.4078,3.2224,3.2224
S0_M_T460,8.1314,7.5636,7.0083,6.5718,6.0804,6.2206,5.0517,4.6,4.0448
S0_M_T461,5.9595,5.6846,5.2713,5.0824,5.0298,4.9075,3.4078,3.2224,3.2224
S0_M_T463,7.4064,6.5723,6.2224,5.7395,5.3923,5.185,4.1083,3.2224,3.2224
S0_M_T464,6.9384,6.2793,5.6124,5.0824,5.0298,4.9506,3.9928,3.2224,3.2224
S0_M_T466,8.1314,7.5636,7.0083,6.5718,6.0804,6.2206,5.0517,4.6,4.0448
S0_M_T467,6.958,6.2588,5.7907,5.6674,5.2224,4.9506,3.8673,3.2224,3.2224
S0_M_T468,7.5554,7.036,6.6498,6.2646,5.746,5.8403,4.8673,3.2224,3.7936
S0_M_T469,6.142,5.9112,5.3644,4.6299,4.6818,4.9506,4.1083,3.2664,3.2224
S0_M_T47,5.8378,5.7447,4.6864,4.382,4.3923,4.507,3.2224,3.2224,3.2224
S0_M_T470,7.7479,7.2889,6.8563,6.0544,5.2224,5.4778,4.5778,4.0277,3.6495
S0_M_T471,6.4217,5.9372,5.6498,5.24,4.8074,5.3549,4.2152,3.2224,3.2224
S0_M_T474,6.304,5.8303,5.3644,5.0258,4.6818,4.9924,3.7298,3.2664,3.2224
S0_M_T475,6.8148,6.3583,5.6124,4.7743,3.2224,3.3229,3.2224,3.2224,3.2224
S0_M_T478,7.2561,6.6839,6.0083,5.7743,5.2224,5.5635,4.4078,3.6494,3.2224
S0_M_T480,6.0718,5.1751,5.2713,5.0824,3.8074,3.9507,3.2224,3.2224,3.2224
S0_M_T481,5.8378,5.5225,5.2224,4.7039,3.5443,4.1851,3.2224,3.2224,3.2224
S0_M_T482,6.142,5.9372,5.0649,4.6299,3.5443,4.3867,3.5778,3.2224,3.2224
S0_M_T489,7.224,6.9995,6.4305,5.8414,5.8074,5.6959,4.5778,3.55,3.3091
S0_M_T491,6.5564,5.9877,5.7907,5.3362,5.1293,4.5636,3.7298,3.2224,3.2224
S0_M_T497,6.6796,6.2381,5.6124,5.1369,4.8074,5.1485,4.1083,3.2224,3.2224
S0_M_T499,9.1862,8.6601,8.1059,7.7998,7.4703,7.5425,6.4739,5.4142,4.6857
S0_M_T500,7.392,6.8841,6.1458,5.8738,5.6147,6.0919,5.5778,4.0998,4.4006
S0_M_T501,6.8148,6.5556,5.722,5.1893,5.3099,5.448,4.6558,3.7425,3.2224
S0_M_T505,6.3931,5.8847,5.2224,4.6299,3.5443,3.4483,3.2224,3.2224,3.2224
S0_M_T512,7.5935,7.048,6.8722,6.6488,6.1293,6.4777,6.0803,4.234,5.2073
S0_M_T513,8.1906,7.3189,7.4625,6.9819,6.6487,5.8854,5.3147,3.2224,3.986
S0_M_T518,6.0353,5.7447,5.1718,5.3362,5.0298,5.2206,4.3147,3.2224,3.7936
S0_M_T52,5.7948,5.3004,5.5739,4.9669,5.3099,4.1851,3.5778,3.2224,3.2224
S0_M_T520,6.0353,5.7447,5.1718,5.3362,5.0298,5.2206,4.3147,3.2224,3.7936
S0_M_T523,6.0353,5.7447,5.1718,5.3362,5.0298,5.2206,4.3147,3.2224,3.7936
S0_M_T533,7.6184,6.744,6.3417,6.0258,5.5443,5.185,4.1083,3.2224,3.5716
S0_M_T537,6.364,6.3583,6.4937,5.7743,5.9773,5.6444,5.0517,3.6005,5.1004
S0_M_T539,6.142,5.5896,5.2224,4.8414,4.3923,4.3867,3.4078,3.2224,3.2224
S0_M_T541,6.0718,5.2598,4.5344,4.7039,4.2224,3.6707,3.2224,3.2224,3.2224
S0_M_T542,7.3481,6.6685,6.4088,6.0258,5.8074,5.9505,5.2152,3.2664,3.6495
S0_M_T544,5.506,5.4522,4.1718,4.382,3.8074,3.2224,3.2224,3.2224,3.2224
S0_M_T548,6.8572,6.174,6.1458,5.7743,5.6818,5.2554,4.1083,3.2224,3.2224
S0_M_T55,7.5425,6.5556,6.8074,6.3362,5.8663,5.9074,4.8673,3.2224,3.3091
S0_M_T554,6.3931,5.8578,5.9494,6.0824,5.4703,4.9506,3.9928,3.2224,3.2224
S0_M_T556,6.0353,5.2181,4.888,4.2889,3.5443,3.5638,3.2224,3.2224,3.2224
S0_M_T56,6.2414,5.4878,4.9494,4.7743,4.3923,4.3867,3.2224,3.2224,3.2224
S0_M_T575,6.273,5.4157,5.3644,4.9055,4.5443,3.6707,3.2224,3.2224,3.2224
S0_M_T58,6.9185,6.487,6.1193,5.7039,6.0298,5.3225,4.6558,3.2224,3.2224
S0_M_T587,7.3332,6.7142,6.3868,6.0544,5.2224,5.2894,4.5778,3.2224,3.2224
S0_M_T589,8.3251,7.7288,7.4625,6.8083,5.4703,5.2894,4.4078,3.3866,3.3091
S0_M_T59,7.5425,6.5556,6.8074,6.3362,5.8663,5.9074,4.8673,3.2224,3.3091
S0_M_T591,6.0718,5.4157,5.6498,5.1893,4.3923,3.6707,3.2224,3.2224,3.2224
S0_M_T596,6.1759,5.4157,4.9494,4.8414,4.2224,3.3229,3.2224,3.2224,3.2224
S0_M_T598,6.9774,6.152,6.1458,5.8083,5.1293,5.111,4.3147,3.2224,3.2224
S0_M_T601,5.7505,5.3399,4.3644,4.4694,3.5443,3.8633,3.2224,3.2224,3.2224
S0_M_T614,7.4896,6.8571,7.1718,7.0824,6.5078,5.5635,5.1627,3.2224,3.2224
S0_M_T618,5.8378,5.8303,6.0083,5.8083,5.6147,5.591,4.8002,3.2224,4.0448
S0_M_T620,6.0718,5.2598,4.6124,4.9669,3.5443,3.3229,3.2224,3.2224,3.2224
S0_M_T624,7.2874,6.9871,6.8563,6.6858,6.4703,6.5069,6.1358,4.0642,5.4873
S0_M_T63,7.5425,6.5556,6.8074,6.3362,5.8663,5.9074,4.8673,3.2224,3.3091
S0_M_T630,6.364,5.7447,5.3644,4.9055,4.2224,4.1851,3.2224,3.2224,3.2224
S0_M_T633,5.9201,5.085,4.6864,4.5519,3.8074,3.5638,3.2224,3.2224,3.2224
S0_M_T635,7.1913,6.7142,6.3868,5.8414,5.4703,4.9075,4.3147,3.2224,3.2224
S0_M_T638,6.6796,6.3389,6.0369,5.5519,5.2224,5.2206,3.9928,3.2224,3.2224
S0_M_T64,5.8795,5.2598,5.1193,4.0824,4.0298,4.0332,3.2224,3.2224,3.2224
S0_M_T640,6.3343,5.8303,5.3186,5.24,4.6818,4.4481,3.4078,3.2224,3.2224
S0_M_T642,6.607,5.4157,5.2224,5.0824,4.2224,4.1112,3.2224,3.2224,3.2224
S0_M_T643,6.8148,6.0124,5.6498,4.8414,4.3923,4.3867,3.7298,3.2224,3.2224
S0_M_T644,6.7488,5.9627,5.3644,5.3362,4.6818,4.2555,3.4078,3.2224,3.2224
S0_M_T645,6.4496,5.6536,5.3186,4.9055,4.2224,4.0332,3.7298,3.2224,3.2224
S0_M_T646,7.6184,7.1952,6.722,6.2889,6.6487,6.8403,6.2905,5.0994,5.5697
S0_M_T65,6.0718,5.4157,5.0649,4.5519,4.0298,4.2555,3.5778,3.2224,3.2224
S0_M_T652,8.355,7.6525,7.5836,7.3127,6.8663,6.7578,5.8997,3.6494,4.0448
S0_M_T653,6.607,5.7447,5.3186,4.5519,4.3923,3.6707,3.2224,3.2224,3.2224
S0_M_T654,6.4771,5.8578,5.4088,4.8414,4.3923,3.8633,3.2224,3.2224,3.2224
S0_M_T655,6.209,5.4878,4.8239,4.7039,4.2224,4.1851,3.2224,3.2224,3.2224
S0_M_T656,7.0883,5.9627,5.5739,5.2889,3.8074,3.7702,3.2224,3.2224,3.2224
S0_M_T657,6.5564,5.8303,5.2224,4.7743,3.5443,3.8633,3.2224,3.2224,3.2224
S0_M_T658,6.304,5.8578,5.3186,4.9055,4.0298,4.3226,3.2224,3.2224,3.2224
S0_M_T659,6.607,5.715,5.2713,5.0258,4.0298,4.0332,3.7298,3.2224,3.2224
S0_M_T660,5.9595,4.9384,4.9494,4.9055,4.3923,4.1112,3.2224,3.2224,3.2224
S0_M_T662,8.8612,8.3672,7.9036,7.4154,7.0298,7.0229,5.9624,4.808,4.4006
S0_M_T665,6.6558,5.7447,6.0649,5.6674,4.8074,4.618,3.9928,3.2224,3.2224
S0_M_T667,5.9595,5.5564,4.5344,4.382,3.2224,3.8633,3.2224,3.2224,3.2224
S0_M_T668,8.9023,8.0596,7.9419,7.48,6.8371,6.6444,5.6932,4.1685,4.4879
S0_M_T67,6.9185,6.487,6.1193,5.7039,6.0298,5.3225,4.6558,3.2224,3.2224
S0_M_T670,6.4217,6.0604,5.1718,4.4694,4.3923,4.3867,3.8673,3.2224,3.2224
S0_M_T671,5.7048,5.3004,4.888,4.4694,3.8074,4.6705,3.7298,3.2224,3.2224
S0_M_T672,7.3332,6.4332,6.4088,5.8738,4.9229,4.5636,3.8673,3.2224,3.2224
S0_M_T676,8.1228,7.3864,6.9938,6.5519,6.0298,5.8172,5.1627,3.9518,3.5716
S0_M_T677,9.6115,9.106,8.6682,8.0962,7.58,7.1109,6.2658,5.2336,4.8265
S0_M_T681,7.4486,6.7142,6.1718,5.7039,5.3923,5.185,4.1083,3.3278,3.2224
S0_M_T682,6.2414,5.4878,5.1718,4.382,4.0298,4.2555,3.2224,3.2224,3.2224
S0_M_T683,6.8984,6.6529,6.0369,5.8083,5.1293,5.4177,4.4953,3.6005,3.2224
S0_M_T686,8.1314,7.3864,7.1326,6.9211,6.3517,5.9923,5.2658,3.6005,4.1557
S0_M_T687,6.5304,6.0124,5.7567,5.5519,4.3923,4.1851,3.4078,3.2224,3.2224
S0_M_T688,6.1073,5.622,5.3644,4.9055,4.2224,4.9075,3.7298,3.2224,3.2224
S0_M_T696,5.9979,5.3004,4.888,4.6299,3.8074,4.0332,3.2224,3.2224,3.2224
S0_M_T697,6.607,5.7738,5.8239,5.5113,4.9229,4.618,3.7298,3.2224,3.2224
S0_M_T698,5.7948,5.3004,4.6124,4.2889,3.8074,3.6707,3.2224,3.2224,3.2224
S0_M_T70,6.9185,6.487,6.1193,5.7039,6.0298,5.3225,4.6558,3.2224,3.2224
S0_M_T704,6.273,5.4878,5.0083,4.6299,4.0298,3.8633,3.2224,3.2224,3.2224
S0_M_T708,8.5091,7.6128,7.2713,6.7914,5.9773,6.448,5.4078,4.0998,4.1557
S0_M_T709,6.6316,5.9627,5.2713,4.7039,4.6818,3.7702,3.2224,3.2224,3.2224
S0_M_T711,6.273,5.7447,5.4088,5.1893,4.8074,4.1851,3.2224,3.2224,3.2224
S0_M_T713,7.8976,7.0118,6.6682,6.382,5.3099,5.1485,4.2152,3.2224,3.2224
S0_M_T715,6.0718,5.3004,5.0649,4.6299,3.5443,3.2224,3.2224,3.2224,3.2224
S0_M_T718,6.5819,5.8303,5.4519,5.0824,3.5443,4.1112,3.2224,3.2224,3.2224
S0_M_T72,7.5425,6.5556,6.8074,6.3362,5.8663,5.9074,4.8673,3.2224,3.3091
S0_M_T720,6.209,5.5896,5.0649,4.9669,4.0298,4.1851,3.5778,3.2224,3.2224
S0_M_T722,7.0153,6.2588,5.8239,5.3362,4.6818,4.7211,3.2224,3.2224,3.2224
S0_M_T724,5.9979,4.9384,4.9494,4.7039,3.8074,4.0332,3.2224,3.2224,3.2224
S0_M_T725,5.6089,5.3004,4.8239,4.382,4.3923,4.4481,3.7298,3.2224,3.2224
S0_M_T729,6.6316,5.7447,4.9494,4.5519,4.0298,3.6707,3.4078,3.2224,3.2224
S0_M_T730,6.4771,6.0366,5.5344,5.1893,4.3923,4.618,3.2224,3.2224,3.2224
S0_M_T733,6.304,5.5564,5.888,5.4694,5.0298,4.9075,4.1083,3.2224,3.2224
S0_M_T734,7.7813,7.2376,6.7907,5.9669,5.2224,5.4177,4.3147,3.6494,3.402
S0_M_T736,6.9964,6.174,6.2713,6.24,5.746,5.2206,4.3147,3.2224,3.2224
S0_M_T738,6.4496,5.3783,5.3644,3.9669,3.2224,3.2224,3.4078,3.2224,3.2224
S0_M_T74,7.8032,7.2788,6.8722,6.757,6.58,6.5909,5.5778,3.9123,4.1557
S0_M_T742,7.1746,6.4332,5.9494,5.7743,5.8074,5.9074,5.1083,3.4975,3.5716
S0_M_T744,5.3366,5.3004,4.9494,3.7039,3.8074,3.6707,3.2224,3.2224,3.2224
S0_M_T746,7.0704,6.3962,6.8563,6.6674,6.6818,6.4629,5.8341,3.2224,3.3091
S0_M_T747,6.4496,5.5225,5.7907,5.7039,4.8074,4.2555,3.4078,3.2224,3.2224
S0_M_T753,5.8795,5.4878,4.7567,4.1893,4.5443,4.507,3.7298,3.2224,3.2224
S0_M_T754,6.8148,6.1957,5.8239,5.24,5.3099,5.111,3.9928,3.2224,3.2224
S0_M_T760,5.8795,5.2181,5.0649,4.382,3.5443,3.4483,3.2224,3.2224,3.2224
S0_M_T763,6.7488,5.9112,6.3644,6.0824,5.9773,5.6959,4.5778,3.2224,3.2224
S0_M_T765,8.0424,7.3189,6.9036,6.4481,5.9229,5.6959,4.6558,3.3866,3.3091
S0_M_T769,5.9201,5.1307,5.6498,5.3362,5.1293,4.507,3.7298,3.2224,3.2224
S0_M_T770,8.7973,8.1895,7.8801,7.6204,7.0298,6.8742,5.7654,4.0642,4.2081
S0_M_T772,5.8378,5.3783,5.2224,4.9669,4.5443,3.8633,3.4078,3.2224,3.2224
S0_M_T773,6.6796,5.8578,6.1973,6.0258,5.6818,4.9924,3.8673,3.2224,3.2224
S0_M_T775,6.6316,5.9372,6.1458,5.8083,5.6818,5.2894,4.1083,3.2224,3.2224
S0_M_T776,5.9979,5.085,6.3644,6.1369,6.3923,5.111,4.4953,3.2224,3.2224
S0_M_T779,6.607,5.9877,5.9791,5.6674,5.2224,4.7211,3.8673,3.2224,3.2224
S0_M_T785,4.2165,3.2224,6.0923,6.1633,5.4703,4.0332,4.6558,3.2224,3.2224
S0_M_T791,8.542,7.6912,7.7307,7.3245,6.9773,6.5354,5.362,3.4431,4.1013
S0_M_T792,7.9178,7.0716,7.2099,6.9055,6.4703,5.7699,5.1627,3.6494,3.986
S0_M_T799,8.6179,7.9806,7.5243,7.0962,6.3923,6.2206,5.0517,4.0998,3.986
S0_M_T8,5.9201,5.4878,5.0649,4.382,4.5443,3.4483,3.2224,3.2224,3.2224
S0_M_T802,8.4058,7.8904,7.6682,7.2646,6.2668,5.8403,4.8002,3.9123,3.986
S0_M_T805,5.2115,4.454,5.7567,5.6674,5.5443,4.7211,4.1083,3.2224,3.2224
S0_M_T807,5.7048,4.886,5.4519,5.8738,5.3923,4.0332,3.2224,3.2224,3.2224
S0_M_T809,6.7931,6.3774,6.4937,6.3593,5.6147,5.2894,5.0517,3.2224,3.2224
S0_M_T81,6.703,6.0366,6.0369,5.5914,4.2224,4.1112,3.2224,3.2224,3.2224
S0_M_T814,6.8572,6.1069,5.4937,5.2889,5.1293,4.3867,3.7298,3.2224,3.2224
S0_M_T825,7.4896,6.744,6.2713,5.9366,4.8074,4.77,3.7298,3.2224,3.2224
S0_M_T828,7.1578,6.4514,5.8239,5.0824,4.8074,4.8173,3.5778,3.2224,3.2224
S0_M_T829,6.1759,5.3399,5.0083,4.4694,4.0298,3.5638,3.2224,3.2224,3.2224
S0_M_T831,5.8795,5.085,5.0083,4.4694,4.6818,4.1112,3.2224,3.2224,3.2224
S0_M_T833,6.703,5.9627,5.6124,4.9055,4.0298,4.3867,3.7298,3.2224,3.2224
S0_M_T834,6.5304,5.9877,5.6864,4.9669,4.0298,3.3229,3.2224,3.2224,3.2224
S0_M_T838,6.273,5.9627,4.888,4.4694,3.2224,3.2224,3.2224,3.2224,3.2224
S0_M_T840,7.224,6.7586,6.4937,5.7395,4.8074,4.9075,3.5778,3.2224,3.2224
S0_M_T844,7.3775,6.6371,6.3644,6.1893,5.8663,5.185,4.5778,3.3278,3.2224
S0_M_T845,7.3629,6.7731,6.3186,6.0258,5.4703,5.185,4.3147,3.2224,3.2224
S0_M_T847,8.14,7.2059,7.1973,6.7039,6.1766,5.6444,4.7298,3.2224,3.2224
S0_M_T848,5.7048,5.1751,5.5739,4.7743,5.2224,4.4481,3.7298,3.2224,3.2224
S0_M_T849,5.8795,5.1751,4.5344,4.382,3.8074,3.2224,3.2224,3.2224,3.2224
S0_M_T857,5.9979,5.3399,5.0649,5.1369,4.6818,4.3226,3.2224,3.2224,3.2224
S0_M_T859,7.5935,6.9871,6.5932,6.0824,5.8074,5.721,5.0517,3.8299,3.3091
S0_M_T861,6.6796,6.2588,6.3644,6.1099,5.1293,4.5636,3.8673,3.2224,3.2224
S0_M_T865,9.2352,8.4597,8.0011,7.5817,7.1531,7.1668,6.0225,4.7643,4.4449
S0_M_T867,8.1053,7.7436,7.1458,6.5914,6.3099,6.2206,5.1083,4.0277,3.5716
S0_M_T868,6.703,6.1296,6.0649,5.5914,4.9229,5.2894,4.1083,3.2224,3.2224
S0_M_T874,6.504,5.8578,5.7567,5.8414,5.3099,4.7211,4.1083,3.2224,3.2224
S0_M_T877,7.6306,7.2583,7.0369,6.6299,6.0298,5.9716,5.5371,3.7868,3.3091
S0_M_T879,6.1073,5.622,5.4937,5.24,4.9229,4.1112,3.5778,3.2224,3.2224
S0_M_T882,6.504,5.5896,5.1193,4.4694,4.0298,3.8633,3.2224,3.2224,3.2224
S0_M_T887,6.7261,5.9877,6.0649,5.5113,5.2224,4.8173,3.5778,3.2224,3.2224
S0_M_T891,6.1759,5.2598,5.722,5.4264,5.0298,4.5636,3.7298,3.2224,3.2224
S0_M_T894,7.4346,6.6991,6.1718,5.4264,5.3099,5.0726,3.8673,3.2224,3.2224
S0_M_T895,7.3775,6.7586,6.6864,6.3127,5.8663,5.9923,5.4522,3.4431,3.3091
S0_M_T896,6.142,5.3004,5.0649,5.0258,4.8074,4.1851,3.2224,3.2224,3.2224
S0_M_T9,6.8779,6.0604,5.888,5.6674,5.1293,4.9075,4.1083,3.2224,3.2224
S0_M_T901,5.3953,5.3783,4.888,4.9669,4.3923,4.1851,3.2224,3.2224,3.2224
S0_M_T902,7.4206,6.744,6.919,6.6299,5.4703,5.6959,4.7298,3.2224,3.2224
S0_M_T903,5.9979,5.3783,5.5344,4.8414,4.8074,4.2555,3.4078,3.2224,3.2224
S0_M_T906,6.0718,5.7447,5.6498,5.2889,4.3923,4.7211,3.5778,3.2224,3.2224
S0_M_T909,5.7048,5.5896,4.6864,4.5519,4.5443,4.2555,3.2224,3.2224,3.2224
S0_M_T911,6.273,5.715,6.0083,5.9669,5.6818,4.4481,3.9928,3.2224,3.2224
S0_M_T912,6.7261,6.0366,6.0649,5.5113,5.3099,5.2554,4.5778,3.2664,3.2224
S0_M_T920,6.7711,6.1069,5.7907,5.1893,5.1293,4.6705,3.5778,3.2224,3.2224
S0_M_T922,6.1073,5.8847,5.4519,5.4264,5.1293,4.4481,3.8673,3.2224,3.2224
S0_M_T925,6.5564,5.9877,6.4729,6.6299,6.2668,5.4177,4.3147,3.2224,3.2224
S0_M_T926,5.7948,5.3399,5.3644,5.4694,5.0298,4.6705,3.2224,3.2224,3.2224
S0_M_T931,7.2078,6.3389,6.6864,6.5519,6.1293,5.721,4.7298,3.2224,3.2224
S0_M_T940,6.209,5.6536,5.6124,5.2889,4.5443,4.5636,3.2224,3.2224,3.2224
S0_M_T946,5.7948,5.3004,4.6864,4.7039,3.8074,4.2555,3.2224,3.2224,3.2224
S0_M_T948,6.2414,5.4878,5.2224,5.0258,4.3923,4.1112,3.2224,3.2224,3.2224
S0_M_T952,6.703,5.6846,5.5344,4.7743,4.2224,3.9507,3.2224,3.2224,3.2224
S0_M_T953,6.1073,5.6536,5.722,5.5113,5.3099,5.4177,4.3147,3.2224,3.2224
S0_M_T954,7.8564,7.2376,6.9791,6.757,5.5443,5.185,4.2152,3.2224,3.2224
S0_M_T955,6.504,5.4522,5.5344,5.24,4.3923,3.6707,3.2224,3.2224,3.2224
S0_M_T956,7.6184,7.0949,7.0226,6.7743,5.5443,4.9924,4.3147,3.6005,3.3091
S0_M_T961,6.0353,5.7738,5.5344,4.9669,4.5443,3.8633,3.7298,3.2224,3.2224
S0_M_T964,8.0424,7.4599,7.5641,7.3245,7.1051,6.5212,5.5778,3.3866,3.986
S0_M_T965,8.1656,7.5552,7.4412,6.9967,6.4703,6.3549,5.6558,4.0277,4.4449
S0_M_T966,7.3181,6.9746,6.9494,6.757,6.5443,6.0919,5.0517,3.2664,3.402
S0_M_T967,6.8362,6.0839,5.6864,5.2889,4.9229,4.8173,3.5778,3.2224,3.2224
S0_M_T970,6.8362,6.1296,5.722,5.0824,3.8074,3.4483,3.2224,3.2224,3.2224
S0_M_T976,8.2475,7.7871,7.6773,7.2768,6.5443,6.033,5.4078,4.3271,4.3548
S0_M_T980,5.7505,5.2598,5.4088,4.5519,3.8074,4.2555,3.2224,3.2224,3.2224
S0_M_T983,6.8148,6.487,7.1059,7.0258,6.6487,6.033,4.9928,3.2224,3.2224
S0_M_T985,8.0876,7.6128,7.2471,6.9819,6.9229,6.721,5.6173,4.2967,3.9247
S0_M_T986,6.0718,5.3783,5.1193,5.4694,4.5443,4.1851,3.2224,3.2224,3.2224
S0_M_T987,7.7252,6.9236,6.8402,6.5317,6.0804,5.7938,4.5778,3.2224,3.7234
S0_M_T994,7.2401,5.9877,6.1718,5.5519,5.4703,5.1485,3.9928,3.2224,3.2224
S0_M_T998,7.3028,6.8571,6.919,6.4694,6.4703,6.2553,4.8002,3.2224,3.2224
S1_H_T10,5.8378,5.0378,6.4729,6.382,5.8074,5.3225,4.7298,3.2224,3.2224
S1_H_T100,5.9201,5.8578,5.5739,5.5914,4.8074,4.1851,3.2224,3.2224,3.2224
S1_H_T1003,8.5485,7.6835,7.5543,7.24,6.6818,6.1298,5.3147,3.2224,3.9247
S1_H_T1011,6.5304,5.9372,5.8239,5.5914,5.0298,5.2554,3.5778,3.2224,3.2224
S1_H_T1017,6.0718,5.085,5.4088,5.24,4.6818,4.507,4.1083,3.2224,3.2224
S1_H_T1018,6.8572,6.1069,5.8239,5.7039,5.1293,4.1851,3.8673,3.2224,3.2224
S1_H_T1023,6.7488,6.1069,5.8239,4.9669,4.3923,4.2555,3.2224,3.2224,3.2224
S1_H_T1025,6.3931,5.3399,5.6124,5.4264,4.5443,3.8633,3.2224,3.2224,3.2224
S1_H_T1027,6.364,5.8303,5.6124,4.5519,4.3923,4.0332,3.2224,3.2224,3.2224
S1_H_T1028,6.0718,5.3004,4.9494,4.382,3.8074,3.8633,3.2224,3.2224,3.2224
S1_H_T1030,8.0787,7.0833,6.6682,6.1369,5.4703,5.4177,4.5778,3.3278,3.2224
S1_H_T1031,7.3332,6.6051,6.7043,6.2149,5.8663,4.9075,4.3147,3.2224,3.2224
S1_H_T1039,8.4411,7.9233,8.0991,7.9055,7.4319,6.5773,5.6558,3.2224,3.6495
S1_H_T104,8.0787,7.5802,7.6028,7.2646,7.1051,6.5354,5.6173,3.7425,3.4893
S1_H_T1048,6.1759,5.4522,4.9494,4.2889,3.2224,3.8633,3.2224,3.2224,3.2224
S1_H_T1051,7.8353,6.9871,6.8563,6.6299,6.0298,6.0919,5.2658,3.55,3.2224
S1_H_T1062,6.504,5.8023,5.7907,5.5914,4.8074,4.507,3.8673,3.2224,3.2224
S1_H_T1070,5.8795,5.085,5.0083,4.2889,3.5443,3.3229,3.2224,3.2224,3.2224
S1_H_T1071,6.4496,5.5225,5.0083,4.7743,4.0298,3.4483,3.2224,3.2224,3.2224
S1_H_T1072,6.5819,5.6846,5.6498,4.7743,3.2224,3.7702,3.2224,3.2224,3.2224
S1_H_T1073,6.6316,6.0839,6.2471,5.9967,5.5443,4.9075,4.3147,3.2224,3.2224
S1_H_T1074,6.4771,5.7447,5.2713,4.8414,4.2224,4.0332,3.8673,3.2224,3.2224
S1_H_T1075,7.7923,7.048,6.7395,6.24,5.8074,5.5069,4.4953,3.2224,3.2224
S1_H_T1079,6.273,5.4157,4.6864,4.8414,4.2224,3.9507,3.7298,3.2224,3.2224
S1_H_T108,6.6796,5.8303,6.5543,6.1893,5.3923,5.1485,4.2152,3.2224,3.2224
S1_H_T1084,5.9979,5.1307,4.8239,4.7039,3.5443,3.7702,3.2224,3.2224,3.2224
S1_H_T1086,7.5163,6.7586,6.1973,5.8414,4.9229,4.8631,3.8673,3.2224,3.2224
S1_H_T1092,6.0718,5.0378,5.2224,4.8414,5.0298,4.2555,3.2224,3.2224,3.2224
S1_H_T1094,7.2561,6.7142,6.6124,6.5113,6.0298,5.2894,4.4078,3.2224,3.2224
S1_H_T1095,7.5554,6.8974,6.4937,6.1893,5.3923,5.4778,4.6558,3.2664,3.402
S1_H_T1102,6.9964,6.3962,5.9494,5.8083,4.9229,4.77,3.5778,3.2224,3.2224
S1_H_T111,7.7703,7.2686,7.6028,7.1502,6.0298,5.1485,4.9314,3.2224,3.4893
S1_H_T1112,6.958,6.4332,5.7567,5.1893,5.1293,5.0726,4.4953,3.2224,3.2224
S1_H_T1115,6.958,5.9877,5.919,5.8738,5.5443,4.9506,3.9928,3.2224,3.2224
S1_H_T1118,6.6316,5.9627,5.4088,5.1369,3.8074,3.4483,3.2224,3.2224,3.2224
S1_H_T1120,5.8378,4.3802,5.919,5.8083,5.6818,5.033,4.7298,3.2224,3.2224
S1_H_T1122,7.2401,6.2381,6.6312,6.4481,5.2224,4.77,3.7298,3.2224,3.2224
S1_H_T1125,7.6306,6.8707,6.0649,5.5914,4.8074,5.2206,3.8673,3.2224,3.2224
S1_H_T1126,6.3343,5.5564,5.4519,5.4694,4.5443,4.0332,3.2224,3.2224,3.2224
S1_H_T1141,6.0718,5.6536,5.3186,4.7743,4.5443,4.1112,3.2224,3.2224,3.2224
S1_H_T1145,6.0718,5.5225,5.6498,5.5914,5.0298,4.9924,3.7298,3.2224,3.2224
S1_H_T1146,6.142,5.5225,4.888,4.382,3.5443,3.6707,3.2224,3.2224,3.2224
S1_H_T1150,5.7948,5.2598,4.6864,4.7743,4.3923,3.4483,3.2224,3.2224,3.2224
S1_H_T1152,6.607,6.152,6.1193,5.7395,5.6147,5.2894,4.5778,3.2224,3.2224
S1_H_T1153,5.4518,4.3024,5.5344,5.6674,5.6147,4.3867,3.7298,3.2224,3.2224
S1_H_T1158,7.4346,6.9105,6.3186,5.7395,4.8074,4.507,3.9928,3.2224,3.2224
S1_H_T1159,6.607,6.0839,5.8563,5.7039,5.3923,5.0726,4.3147,3.2664,3.2224
S1_H_T1161,6.6316,6.2994,5.6124,5.3362,4.9229,4.5636,3.8673,3.2224,3.2224
S1_H_T1164,5.7948,5.3004,5.0083,4.4694,3.8074,3.8633,3.2224,3.2224,3.2224
S1_H_T1166,6.6316,5.8847,5.7567,5.0824,4.3923,4.3226,3.2224,3.2224,3.2224
S1_H_T1167,7.8771,7.0716,6.4729,5.9967,5.2224,5.111,3.9928,3.2224,3.2224
S1_H_T117,6.8148,6.4332,6.6682,6.0258,5.6147,5.2894,4.8002,3.2224,3.2224
S1_H_T1171,5.9979,4.9889,4.5344,4.1893,4.0298,3.4483,3.2224,3.2224,3.2224
S1_H_T1174,5.9595,5.0378,5.2713,4.382,4.3923,3.9507,3.2224,3.2224,3.2224
S1_H_T1175,6.304,5.622,5.5739,5.5113,4.6818,4.3867,3.4078,3.2224,3.2224
S1_H_T118,6.0718,5.4522,5.8239,5.7395,5.4703,5.1485,4.4078,3.2224,3.2224
S1_H_T119,6.3931,5.4157,4.9494,4.9055,4.5443,4.3226,3.4078,3.2224,3.2224
S1_H_T1191,5.9201,5.2598,5.1718,5.0258,5.0298,4.0332,3.2224,3.2224,3.2224
S1_H_T1193,6.703,5.8023,5.7907,5.6674,4.8074,4.5636,4.1083,3.2224,3.2224
S1_H_T1195,6.9185,6.0839,6.6124,6.382,6.3099,5.7699,4.8673,3.2224,3.2224
S1_H_T1198,6.8984,6.5044,6.7043,6.1369,5.4703,5.1485,4.2152,3.2224,3.2224
S1_H_T12,6.1759,5.9877,5.8239,5.382,5.3923,4.6705,3.4078,3.2224,3.2224
S1_H_T1201,6.6316,5.8578,5.6124,5.3362,4.6818,4.7211,3.4078,3.2224,3.2224
S1_H_T1202,6.364,5.3399,5.0649,4.8414,4.5443,3.8633,3.2224,3.2224,3.2224
S1_H_T1209,5.7505,4.9384,5.4937,5.382,4.8074,4.4481,3.2224,3.2224,3.2224
S1_H_T1211,6.2414,5.4522,5.9791,5.7743,5.3099,4.77,3.5778,3.2224,3.2224
S1_H_T1217,6.1073,5.4878,5.1718,5.1369,4.6818,3.6707,3.2224,3.2224,3.2224
S1_H_T1218,5.8795,4.9384,4.5344,3.8414,3.8074,3.2224,3.2224,3.2224,3.2224
S1_H_T1222,7.0704,6.6371,5.7907,5.382,4.6818,4.9924,3.7298,3.3278,3.2224
S1_H_T1228,7.5935,7.1064,6.9343,6.7039,6.2668,5.5069,4.7298,3.2224,3.2224
S1_H_T1230,6.0718,5.6536,4.9494,4.7743,3.5443,3.7702,3.2224,3.2224,3.2224
S1_H_T1234,6.8984,6.3389,6.6682,6.382,5.9229,5.3225,4.4078,3.2224,3.2224
S1_H_T1235,5.6576,5.2598,5.0649,4.8414,3.5443,3.6707,3.4078,3.2224,3.2224
S1_H_T1236,6.142,5.1751,4.6124,4.382,3.8074,3.9507,3.2224,3.2224,3.2224
S1_H_T1238,6.6796,6.2994,5.7907,5.5113,4.8074,4.507,3.4078,3.2224,3.2224
S1_H_T1243,7.0522,6.4693,6.9343,6.5718,6.2224,5.6444,5.1083,3.2224,3.2224
S1_H_T1245,6.5819,6.2588,6.3417,6.0544,5.3923,4.8631,4.1083,3.2224,3.2224
S1_H_T1247,6.5564,5.9372,5.3644,5.0258,4.0298,4.2555,3.2224,3.2224,3.2224
S1_H_T1248,6.9774,6.2381,6.7907,6.5718,6.3517,5.9923,5.1083,3.2224,3.2224
S1_H_T1249,6.209,5.4522,5.5344,5.0824,4.5443,3.6707,3.4078,3.2224,3.2224
S1_H_T1251,6.4217,5.3783,5.2713,5.0824,4.0298,4.2555,3.2224,3.2224,3.2224
S1_H_T1261,6.4496,5.6536,5.9494,5.5519,5.3099,5.2894,4.1083,3.2224,3.2224
S1_H_T1262,7.0339,6.5388,5.919,5.6299,4.5443,4.7211,3.8673,3.2224,3.2224
S1_H_T1264,6.8148,6.0124,6.2713,6.0258,5.1293,4.618,3.8673,3.2224,3.2224
S1_H_T1265,5.6089,5.3004,5.2224,4.9669,4.6818,4.3867,3.4078,3.2224,3.2224
S1_H_T1276,5.9201,5.2598,4.5344,4.382,3.8074,3.6707,3.2224,3.2224,3.2224
S1_H_T1282,6.5819,5.8578,6.0649,5.5519,5.3099,4.77,3.8673,3.2224,3.2224
S1_H_T1283,7.2401,6.5556,6.3417,6.0258,5.9773,5.448,4.1083,3.2224,3.2224
S1_H_T1284,5.8795,4.9889,5.5344,5.5519,5.2224,4.3226,3.5778,3.2224,3.2224
S1_H_T1285,7.1234,6.5723,5.9494,5.5914,5.3923,5.111,3.8673,3.2224,3.2224
S1_H_T1287,7.392,6.9236,6.9343,6.6858,6.2668,5.8172,4.9314,3.55,3.7234
S1_H_T129,5.9595,5.6536,5.6498,5.1893,4.9229,4.4481,3.4078,3.2224,3.2224
S1_H_T1293,7.224,6.3774,5.919,5.2889,4.8074,4.4481,3.8673,3.2224,3.2224
S1_H_T1296,7.7022,7.024,6.4937,5.9366,5.8074,5.1485,4.2152,3.3866,3.2224
S1_H_T1297,8.1906,7.4051,8.0718,7.8898,7.6981,7.1484,6.5371,3.2224,4.5297
S1_H_T130,6.0353,5.3399,5.3186,4.9669,4.9229,4.1851,3.4078,3.2224,3.2224
S1_H_T1300,6.958,6.0124,6.4305,6.2149,6.0804,5.7699,4.4078,3.2224,3.402
S1_H_T1305,7.3481,6.5888,7.0923,6.9211,5.9773,5.5635,4.5778,3.2224,3.2224
S1_H_T1306,6.8362,5.8578,5.6864,5.382,4.8074,4.3226,3.7298,3.2224,3.2224
S1_H_T1309,5.8378,5.4878,4.888,3.9669,4.3923,4.1851,3.2224,3.2224,3.2224
S1_H_T1311,6.7261,6.3193,6.2952,5.7395,5.1293,4.8631,3.5778,3.2224,3.2224
S1_H_T1312,6.0718,5.2598,5.722,5.5113,4.2224,4.0332,3.4078,3.2224,3.2224
S1_H_T1318,6.1759,5.1307,5.9494,5.5113,4.9229,4.0332,3.4078,3.2224,3.2224
S1_H_T132,7.7703,6.8707,6.9938,6.5718,6.2668,5.7938,4.8673,3.2224,3.4893
S1_H_T1323,7.0704,6.3774,6.3186,6.2149,5.5443,4.9924,4.3147,3.2224,3.2224
S1_H_T1324,6.607,6.1069,5.888,4.9669,4.5443,3.8633,3.2224,3.2224,3.2224
S1_H_T1325,7.6905,7.1952,6.8402,6.3362,6.1293,5.8403,4.8002,3.4975,3.2224
S1_H_T1326,6.273,5.4522,4.9494,4.5519,3.8074,4.1112,3.2224,3.2224,3.2224
S1_H_T1328,5.7505,5.2598,4.6864,3.8414,3.8074,3.9507,3.2224,3.2224,3.2224
S1_H_T1331,7.6184,7.1291,6.4937,5.8083,5.1293,5.2894,4.5778,3.6005,3.2224
S1_H_T1334,6.7711,6.3193,6.3644,6.0544,5.3923,5.3866,4.3147,3.2224,3.2224
S1_H_T1336,6.4771,5.7738,5.5344,5.382,4.8074,4.507,3.2224,3.2224,3.2224
S1_H_T1338,6.8779,6.152,6.0369,5.2889,4.8074,4.7211,3.2224,3.2224,3.2224
S1_H_T1344,6.7711,6.1069,5.6498,5.1369,4.2224,4.4481,3.2224,3.2224,3.2224
S1_H_T1350,9.3248,8.5592,8.6265,8.3707,7.9503,7.6245,6.6746,4.7419,4.8596
S1_H_T1351,6.703,6.1957,5.5739,5.382,4.6818,4.6705,3.7298,3.2224,3.2224
S1_H_T1353,5.8795,4.9889,5.4088,5.1369,5.0298,3.6707,3.2224,3.2224,3.2224
S1_H_T1364,6.9185,6.1296,5.888,5.2889,5.0298,4.3226,3.9928,3.2224,3.2224
S1_H_T1365,5.6576,5.2181,5.6124,5.382,5.2224,4.4481,3.7298,3.2224,3.2224
S1_H_T1371,6.607,5.6846,5.4088,5.0258,3.8074,3.5638,3.2224,3.2224,3.2224
S1_H_T1372,7.3775,6.6991,6.4519,6.0258,5.6818,5.4177,4.4953,3.2224,3.3091
S1_H_T1375,6.304,5.0378,5.2224,4.7039,3.8074,4.1112,3.2224,3.2224,3.2224
S1_H_T1381,5.7048,5.3004,5.4088,5.0258,4.8074,4.1112,3.4078,3.2224,3.2224
S1_H_T1383,5.6576,5.3399,4.6864,4.2889,4.0298,3.2224,3.2224,3.2224,3.2224
S1_H_T1389,6.504,5.8847,5.1193,5.1893,4.2224,4.0332,3.2224,3.2224,3.2224
S1_H_T1393,6.7931,6.1069,6.2952,6.2646,5.746,5.033,3.8673,3.2224,3.2224
S1_H_T1395,6.5819,5.9877,6.1193,5.9967,6.0298,5.4778,4.4078,3.2224,3.2224
S1_H_T1396,6.6796,6.0839,5.9494,5.5113,4.5443,4.6705,3.4078,3.2224,3.2224
S1_H_T1400,6.1759,5.5564,5.6498,5.1369,4.6818,3.9507,3.2224,3.2224,3.2224
S1_H_T1401,6.4496,5.8847,5.4088,4.8414,4.2224,4.9506,3.7298,3.2224,3.2224
S1_H_T1408,6.6316,5.9372,6.2224,6.0824,4.6818,4.2555,4.2152,3.2224,3.2224
S1_H_T141,8.0332,7.5884,7.0083,6.4694,6.6147,6.5635,5.5778,4.0998,3.3091
S1_H_T1410,6.958,6.4332,6.0083,5.4694,5.0298,5.033,3.9928,3.2224,3.2224
S1_H_T1411,6.0353,5.3004,4.3644,4.0824,3.2224,3.2224,3.2224,3.2224,3.2224
S1_H_T1412,7.1407,6.487,5.9494,5.4694,4.5443,4.7211,4.1083,3.2224,3.2224
S1_H_T142,5.5584,4.9889,5.6498,5.0258,4.5443,3.6707,3.4078,3.2224,3.2224
S1_H_T1420,6.7261,6.0366,6.1718,5.5914,5.2224,4.8173,3.8673,3.2224,3.2224
S1_H_T1429,6.304,5.4522,5.1193,4.9669,4.0298,4.0332,3.2224,3.2224,3.2224
S1_H_T1430,7.5294,7.1844,7.3069,6.8083,6.5078,6.3708,5.5778,3.3866,3.7936
S1_H_T1437,7.0883,6.487,6.5543,6.0824,5.6818,5.0726,4.2152,3.2224,3.2224
S1_H_T1439,6.5564,5.9877,5.5344,5.0258,4.5443,4.0332,3.4078,3.2224,3.2224
S1_H_T144,7.1234,6.5388,6.1193,5.9055,5.746,5.111,4.2152,3.2664,3.2224
S1_H_T1441,5.7048,5.2598,4.8239,4.382,3.2224,4.1112,3.2224,3.2224,3.2224
S1_H_T1445,6.8984,6.1296,5.6124,4.9055,4.5443,4.1112,3.4078,3.2224,3.2224
S1_H_T1454,5.2754,4.5242,5.4088,5.5113,5.5443,4.8173,3.5778,3.2224,3.2224
S1_H_T1456,5.9201,4.9889,5.1718,4.4694,4.0298,3.7702,3.2224,3.2224,3.2224
S1_H_T1464,6.7261,5.9877,5.6864,5.5113,4.9229,4.8173,3.8673,3.2224,3.2224
S1_H_T1473,6.7931,6.2793,5.722,5.4264,4.9229,4.2555,3.2224,3.2224,3.2224
S1_H_T148,6.5564,6.174,6.2952,5.8738,5.1293,4.8631,4.1083,3.2224,3.2224
S1_H_T1485,7.1746,6.6051,6.6682,5.7743,4.9229,4.5636,4.1083,3.2224,3.2224
S1_H_T149,5.6576,5.3004,5.1193,4.6299,3.5443,3.2224,3.2224,3.2224,3.2224
S1_H_T1490,7.6428,6.9105,7.0649,6.8249,6.4703,6.1298,4.6558,3.2224,3.3091
S1_H_T1496,6.1759,5.5896,4.6864,4.2889,3.2224,3.2224,3.2224,3.2224,3.2224
S1_H_T15,5.7948,5.3399,4.888,4.6299,4.0298,3.7702,3.2224,3.2224,3.2224
S1_H_T150,6.504,5.8578,6.6124,6.3362,5.9773,5.448,3.9928,3.2224,3.2224
S1_H_T1500,6.9774,6.6839,6.3186,6.0824,5.3923,5.111,4.1083,3.2224,3.2224
S1_H_T1507,7.7813,6.9995,6.7395,6.1633,5.9773,5.8854,4.8002,3.4431,3.6495
S1_H_T1508,6.273,5.5564,5.4088,5.0824,4.2224,4.2555,3.2224,3.2224,3.2224
S1_H_T1515,6.273,5.9372,6.0083,5.7743,5.3923,4.77,3.9928,3.2224,3.2224
S1_H_T1521,5.9201,5.4157,5.5739,5.3362,4.2224,3.4483,3.2224,3.2224,3.2224
S1_H_T1524,6.4217,5.9372,5.8239,4.9669,4.9229,4.77,3.7298,3.2224,3.2224
S1_H_T1525,6.142,5.5896,5.2224,4.8414,4.2224,4.1112,3.2224,3.2224,3.2224
S1_H_T1527,7.2078,6.5556,6.4305,5.5914,4.5443,4.3226,4.2152,3.2224,3.2224
S1_H_T153,8.4891,7.949,7.9865,7.6394,6.9503,6.5069,5.8002,3.4431,3.986
S1_H_T1531,7.3028,6.7142,6.2713,6.0258,5.0298,4.2555,3.2224,3.2224,3.2224
S1_H_T1532,6.2414,5.715,6.0923,5.3362,5.0298,4.77,3.2224,3.2224,3.2224
S1_H_T1533,7.4896,6.9105,6.1458,5.7395,5.0298,4.8173,4.2152,3.2224,3.2224
S1_H_T1534,6.364,5.622,5.6864,5.0258,4.5443,4.3226,3.2224,3.2224,3.2224
S1_H_T1538,6.4496,5.3399,4.9494,4.7039,3.8074,3.7702,3.2224,3.2224,3.2224
S1_H_T1540,6.5564,5.7447,5.7907,5.2889,4.8074,5.033,3.8673,3.2224,3.2224
S1_H_T1541,5.8378,5.2598,5.1718,5.2889,4.9229,4.3226,3.4078,3.2224,3.2224
S1_H_T1548,5.7048,4.5912,5.4937,4.7743,4.0298,4.1112,3.2224,3.2224,3.2224
S1_H_T155,6.9185,6.2588,6.2713,6.2149,6.0298,5.5355,4.3147,3.2224,3.2224
S1_H_T1552,6.0718,5.3004,5.1718,4.7039,4.5443,4.2555,3.2224,3.2224,3.2224
S1_H_T1557,6.273,5.3399,5.9791,5.7395,5.5443,4.4481,4.2152,3.2224,3.2224
S1_H_T156,7.1407,6.4148,6.2224,5.8414,5.8663,4.9075,4.2152,3.2224,3.2224
S1_H_T1571,6.9185,6.0366,5.9791,5.382,4.9229,4.6705,3.5778,3.2224,3.2224
S1_H_T1576,6.0718,5.2598,5.6498,4.9055,4.3923,3.5638,3.2224,3.2224,3.2224
S1_H_T1577,7.1234,6.217,6.4729,6.0258,5.2224,4.7211,3.7298,3.2224,3.2224
S1_H_T158,5.9201,5.1751,5.3186,4.7743,4.8074,3.9507,3.4078,3.2224,3.2224
S1_H_T1582,6.3343,5.715,5.3644,5.1893,4.3923,5.033,3.8673,3.2224,3.2224
S1_H_T1586,7.8771,6.9621,6.888,6.382,5.9773,5.7699,4.5778,3.6005,3.2224
S1_H_T1587,5.7948,5.2598,4.6864,3.9669,3.5443,3.6707,3.2224,3.2224,3.2224
S1_H_T1595,7.814,7.3769,7.0923,6.6108,6.0804,5.6704,4.4953,3.4975,3.2224
S1_H_T1597,5.9595,4.886,4.8239,4.382,3.5443,3.6707,3.2224,3.2224,3.2224
S1_H_T1599,6.304,5.8303,6.1458,5.7039,5.5443,4.9924,4.3147,3.2224,3.2224
S1_H_T1600,5.9201,5.4522,5.0083,4.7743,5.0298,4.1851,3.2224,3.2224,3.2224
S1_H_T1601,5.506,5.2598,5.6124,5.24,4.8074,4.618,3.2224,3.2224,3.2224
S1_H_T1602,5.8795,5.1307,4.6864,4.5519,3.5443,3.2224,3.2224,3.2224,3.2224
S1_H_T161,6.8572,6.174,6.0369,5.5914,5.0298,4.6705,3.2224,3.2224,3.2224
S1_H_T1610,6.958,6.2381,6.0083,5.5914,4.8074,4.3867,3.5778,3.2224,3.2224
S1_H_T1613,5.9595,5.2598,5.7907,5.7743,5.2224,4.3226,4.2152,3.2224,3.2224
S1_H_T1614,9.4162,8.8903,8.6076,8.0402,7.7143,7.5909,6.5371,5.2496,5.0439
S1_H_T1615,7.7252,6.9365,6.5543,6.1893,5.1293,5.1485,3.9928,3.2224,3.4893
S1_H_T1620,6.1073,5.5564,5.5344,5.1893,4.3923,4.3226,3.2224,3.2224,3.2224
S1_H_T1626,6.2414,5.4878,5.8239,5.0824,4.2224,4.1112,3.4078,3.2224,3.2224
S1_H_T1627,6.504,6.174,5.6124,5.1369,4.9229,4.8173,4.2152,3.2224,3.2224
S1_H_T163,8.8296,8.1175,7.8239,7.6488,7.3722,7.1391,6.2152,4.6489,4.3076
S1_H_T1636,7.5935,7.2376,6.3644,5.9967,5.8074,5.6444,4.6558,4.234,3.6495
S1_H_T1637,6.1073,5.1307,5.1193,5.0258,4.0298,4.1112,3.2224,3.2224,3.2224
S1_H_T1638,6.273,5.4878,5.6124,4.9669,4.0298,4.0332,3.2224,3.2224,3.2224
S1_H_T164,5.7948,5.2181,5.7907,5.1893,4.2224,3.9507,3.2224,3.2224,3.2224
S1_H_T1645,6.0353,5.4522,5.2713,4.8414,4.0298,4.507,3.2224,3.2224,3.2224
S1_H_T1653,6.0718,5.4157,4.888,4.7743,3.2224,3.8633,3.2224,3.2224,3.2224
S1_H_T1659,7.8976,6.9621,6.5739,5.9669,5.5443,4.7211,4.4078,3.2224,3.2224
S1_H_T166,5.3366,4.5912,5.4937,5.5914,5.3099,4.4481,3.4078,3.2224,3.2224
S1_H_T1666,8.1823,7.4953,6.8074,6.3593,6.1293,5.5635,4.7298,3.55,3.2224
S1_H_T1677,6.1759,5.7447,5.1718,4.4694,3.2224,3.2224,3.2224,3.2224,3.2224
S1_H_T168,6.1759,5.5896,5.4937,4.9055,4.8074,4.1851,3.2224,3.2224,3.2224
S1_H_T1682,6.7261,5.9112,5.7907,4.8414,4.8074,4.3226,3.8673,3.2224,3.2224
S1_H_T1686,5.8795,5.6846,5.6124,5.24,4.5443,5.033,3.9928,3.2224,3.2224
S1_H_T1690,5.9979,5.7738,5.9791,5.2889,4.6818,4.618,3.2224,3.2224,3.2224
S1_H_T1691,6.607,5.9372,6.5142,5.9055,5.6818,4.8631,4.1083,3.2224,3.2224
S1_H_T1692,6.504,5.9112,5.1193,5.0824,4.6818,4.3867,3.2224,3.2224,3.2224
S1_H_T1694,6.4217,5.5896,6.2713,6.4264,6.2224,5.3549,4.4953,3.2224,3.2224
S1_H_T1697,6.1073,5.2181,5.6124,5.0258,3.8074,3.4483,3.2224,3.2224,3.2224
S1_H_T1701,6.703,6.0839,6.2713,5.8414,5.9229,5.5635,4.4953,3.2224,3.2224
S1_H_T1704,8.2153,7.4688,7.6124,7.2768,6.8371,6.1298,5.362,3.2224,4.1557
S1_H_T171,6.8148,6.1957,6.0369,5.8738,5.1293,4.77,4.4078,3.2224,3.2224
S1_H_T172,5.7505,5.4878,5.9494,5.7039,4.8074,4.5636,3.2224,3.2224,3.2224
S1_H_T1724,6.1073,5.4522,5.2224,5.0258,4.3923,3.6707,3.2224,3.2224,3.2224
S1_H_T1725,7.2874,6.5217,6.2952,5.7395,5.0298,4.6705,3.4078,3.2224,3.2224
S1_H_T1734,6.0718,5.2598,4.888,4.382,4.0298,3.7702,3.2224,3.2224,3.2224
S1_H_T1735,5.9201,5.3004,5.3644,5.1369,4.6818,3.9507,3.2224,3.2224,3.2224
S1_H_T1736,6.9964,6.487,5.8239,5.4264,4.5443,4.2555,3.5778,3.2224,3.2224
S1_H_T1737,8.3697,7.8431,7.4305,6.757,6.2668,6.2029,5.3147,3.8299,3.3091
S1_H_T174,5.506,4.6551,5.6864,5.7039,5.6818,4.7211,4.1083,3.2224,3.2224
S1_H_T1746,6.0353,5.3399,5.722,5.7743,5.1293,4.3867,3.2224,3.2224,3.2224
S1_H_T175,6.273,5.5896,5.3644,4.4694,3.5443,3.6707,3.2224,3.2224,3.2224
S1_H_T1753,6.9185,6.1069,5.7907,5.4264,5.3099,5.033,3.8673,3.2224,3.2224
S1_H_T1756,8.1906,7.5384,7.8156,7.5619,7.0804,6.9183,5.8673,3.2224,4.2081
S1_H_T1758,6.703,6.0124,6.1973,5.9366,5.1293,4.9924,4.3147,3.2224,3.2224
S1_H_T1759,5.9979,5.5896,6.0083,5.9055,5.5443,5.2894,3.8673,3.2224,3.2224
S1_H_T176,6.7261,5.8303,6.5344,6.0544,5.5443,4.618,3.7298,3.2224,3.2224
S1_H_T1764,6.8148,5.7738,5.6124,5.6299,5.0298,4.5636,3.9928,3.2224,3.2224
S1_H_T1765,6.3931,5.4878,5.3644,5.1369,4.6818,3.8633,3.2224,3.2224,3.2224
S1_H_T1766,7.3481,6.744,7.1059,6.9366,6.8663,6.2893,5.2152,3.2224,3.986
S1_H_T1768,5.5584,4.3802,5.4937,5.3362,4.6818,3.9507,3.2224,3.2224,3.2224
S1_H_T177,8.0606,7.4051,7.1193,6.8249,6.2224,6.033,5.2658,3.3866,3.5716
S1_H_T1770,6.1759,5.4157,5.2224,4.8414,3.8074,4.1851,3.2224,3.2224,3.2224
S1_H_T1771,6.209,5.2181,5.7567,5.7743,5.3923,4.77,3.9928,3.2224,3.2224
S1_H_T1774,7.8564,6.9493,7.5142,7.2022,6.8371,6.6444,5.5371,3.2224,4.2081
S1_H_T1778,7.392,6.9746,5.9494,5.5113,5.3923,5.2206,4.4953,3.2664,3.2224
S1_H_T1779,6.703,6.1069,5.8563,5.382,5.0298,4.4481,3.7298,3.2224,3.2224
S1_H_T1780,7.7923,7.1178,6.5142,5.9669,5.2224,5.185,4.4953,3.3278,3.2224
S1_H_T1783,7.1234,6.152,7.1059,6.9055,6.6147,5.9074,5.0517,3.2224,3.2224
S1_H_T179,8.0052,7.299,7.4197,7.0962,6.4319,6.0529,5.1627,3.2664,3.4893
S1_H_T1794,6.5304,6.0839,5.5344,5.5113,4.3923,4.7211,3.7298,3.2224,3.2224
S1_H_T180,7.3481,6.6839,6.1973,5.7395,5.6147,5.2206,4.2152,3.2224,3.2224
S1_H_T1800,7.224,6.7292,6.1718,5.6299,4.9229,4.6705,3.9928,3.2224,3.2224
S1_H_T1811,8.3022,7.7288,7.2592,6.9055,6.58,6.5909,5.6932,3.7868,3.8607
S1_H_T1812,7.2561,6.5723,6.5142,6.1633,5.4703,5.2554,4.3147,3.2224,3.2224
S1_H_T1814,6.2414,5.622,5.1193,4.9669,3.8074,4.1851,3.2224,3.2224,3.2224
S1_H_T1824,8.9174,8.3235,7.9419,7.2889,6.3099,6.0128,5.4522,4.2657,3.986
S1_H_T1826,7.476,6.6212,5.8563,4.9055,4.5443,4.4481,3.4078,3.2224,3.2224
S1_H_T1827,6.3343,5.7447,5.5739,4.9055,4.3923,4.0332,3.2224,3.2224,3.2224
S1_H_T1830,8.1656,7.6128,7.919,7.757,7.2224,6.961,6.3147,3.4975,4.4449
S1_H_T1831,5.9595,4.9889,4.9494,4.6299,4.0298,3.3229,3.2224,3.2224,3.2224
S1_H_T1836,7.3181,6.6839,6.1458,5.7743,5.1293,5.7457,4.6558,3.7425,3.2224
S1_H_T1841,5.8795,5.3004,4.9494,4.5519,4.0298,3.9507,3.2224,3.2224,3.2224
S1_H_T1842,6.504,5.622,5.7567,5.4264,4.6818,4.618,3.8673,3.2224,3.2224
S1_H_T1844,6.5819,6.174,5.8563,4.9055,4.0298,4.0332,3.4078,3.2224,3.2224
S1_H_T1847,6.3931,5.6536,5.7567,5.5113,4.6818,4.6705,3.2224,3.2224,3.2224
S1_H_T185,6.273,5.4157,5.8563,5.4264,4.9229,4.7211,3.5778,3.2224,3.2224
S1_H_T186,6.9964,6.0604,5.9791,5.6299,5.3099,5.0726,3.7298,3.2224,3.2224
S1_H_T1860,6.209,5.622,5.2224,4.4694,3.8074,3.9507,3.5778,3.2224,3.2224
S1_H_T1862,5.7948,4.9889,5.919,5.8414,5.3099,5.2206,4.2152,3.2224,3.2224
S1_H_T1865,6.0353,5.3004,5.0083,4.2889,4.2224,3.5638,3.2224,3.2224,3.2224
S1_H_T1866,7.8459,7.4777,7.3417,7.0824,6.777,6.185,5.362,3.3866,3.2224
S1_H_T187,7.9178,7.299,7.4305,7.24,6.5443,6.2724,5.1083,3.2224,3.4893
S1_H_T1870,7.1578,6.3774,6.7567,6.3593,5.9773,6.0919,5.2658,3.2224,3.2224
S1_H_T1874,7.8353,7.3864,7.0083,6.5519,5.746,6.1298,5.1627,3.6967,3.402
S1_H_T1876,7.3629,7.024,6.3644,5.9055,5.5443,5.4778,4.2152,3.2224,3.2224
S1_H_T188,5.6089,5.3399,5.4937,5.2889,4.8074,4.2555,3.5778,3.2224,3.2224
S1_H_T1886,7.5935,6.6529,6.4305,5.5914,5.2224,4.9924,3.7298,3.2224,3.2224
S1_H_T1897,6.9964,6.3583,6.6312,5.8738,5.0298,5.2554,4.3147,3.2224,3.2224
S1_H_T1898,6.142,5.6846,5.919,5.8738,5.3923,4.77,3.7298,3.2224,3.2224
S1_H_T19,6.8362,6.3193,6.2713,6.1633,5.8663,5.5069,4.6558,3.2224,3.2224
S1_H_T190,7.5554,6.7586,6.5344,6.0824,5.3099,5.1485,3.8673,3.2664,3.2224
S1_H_T1901,6.0353,5.0378,5.4519,5.382,5.1293,3.9507,3.2224,3.2224,3.2224
S1_H_T1906,6.4771,6.0124,5.4088,5.3362,5.0298,4.7211,4.2152,3.2224,3.2224
S1_H_T192,6.607,5.8578,6.0649,6.0824,5.4703,5.185,3.8673,3.2224,3.2224
S1_H_T1921,6.4771,6.152,6.1193,5.7743,5.1293,4.618,3.5778,3.2224,3.2224
S1_H_T1922,6.273,5.5225,5.9494,5.8738,5.8663,4.9924,3.8673,3.2224,3.2224
S1_H_T1923,6.209,5.3783,5.0083,4.2889,3.2224,3.2224,3.2224,3.2224,3.2224
S1_H_T1924,7.0522,6.4514,6.4729,6.4264,5.4703,5.4778,4.7298,3.2224,3.2224
S1_H_T1925,7.5809,7.0118,6.1973,5.9366,5.6818,5.4177,4.3147,3.2224,3.2224
S1_H_T1926,6.273,5.2181,5.6498,5.24,4.3923,3.8633,3.2224,3.2224,3.2224
S1_H_T193,7.0339,6.3193,7.0369,6.5718,5.9229,4.8631,4.4078,3.2224,3.2224
S1_H_T1934,6.703,5.9112,6.1193,5.7039,5.3099,4.5636,3.4078,3.2224,3.2224
S1_H_T1935,10.1881,9.5881,8.9494,8.6581,8.2992,8.3101,7.2905,6.151,5.8591
S1_H_T1936,6.607,6.1069,6.4088,5.8738,5.5443,4.618,3.5778,3.2224,3.2224
S1_H_T195,6.3343,5.7447,6.1458,5.7743,5.3099,5.033,4.2152,3.2224,3.2224
S1_H_T1952,6.9384,6.5044,5.722,5.382,5.1293,5.2554,4.1083,3.4975,3.2224
S1_H_T1953,6.8148,6.0839,6.3186,5.7743,5.0298,4.4481,3.4078,3.2224,3.2224
S1_H_T196,7.392,6.7586,6.722,6.0544,5.6147,5.448,5.0517,3.2224,3.2224
S1_H_T1962,7.0883,6.5556,5.6864,5.1369,4.8074,4.3226,3.5778,3.2224,3.2224
S1_H_T1965,7.4346,6.8571,6.5142,5.8738,4.3923,4.4481,3.7298,3.2224,3.2224
S1_H_T197,6.3931,6.1069,6.5142,6.3593,5.746,4.8631,3.9928,3.2224,3.2224
S1_H_T1970,7.1913,6.5723,6.9938,6.9211,5.8663,5.5355,4.7298,3.2224,3.2224
S1_H_T1975,6.0718,5.4522,5.3644,4.4694,3.5443,3.5638,3.2224,3.2224,3.2224
S1_H_T1982,7.1578,6.1069,5.9494,5.7743,4.6818,4.8631,4.3147,3.2224,3.2224
S1_H_T1985,6.0353,5.8023,5.4937,5.3362,4.9229,4.3867,4.1083,3.2224,3.2224
S1_H_T1987,5.7505,5.2598,4.8239,3.8414,3.5443,3.2224,3.2224,3.2224,3.2224
S1_H_T199,6.3931,5.8847,5.722,5.2889,4.3923,4.3867,3.2224,3.2224,3.2224
S1_H_T1990,5.9595,5.4157,4.888,4.9055,4.2224,3.8633,3.2224,3.2224,3.2224
S1_H_T1991,8.4058,7.7655,7.1846,6.4905,5.6818,4.77,4.7298,4.2016,3.9247
S1_H_T1994,6.0353,5.6536,5.1193,4.382,4.0298,3.7702,3.2224,3.2224,3.2224
S1_H_T2002,8.9954,8.4049,7.7653,7.2524,6.9229,6.6444,5.6932,4.7643,4.1013
S1_H_T2006,7.476,6.9365,6.3868,5.9055,4.6818,5.2554,4.1083,3.3278,3.2224
S1_H_T2008,7.8564,7.299,6.8074,6.6108,6.3517,6.5773,5.6558,4.3271,4.3076
S1_H_T201,6.6796,6.1069,6.3644,6.0544,5.6818,5.0726,4.1083,3.2224,3.2224
S1_H_T2012,6.304,5.1307,4.9494,4.5519,4.8074,3.8633,3.2224,3.2224,3.2224
S1_H_T2013,7.3629,6.8707,7.0083,6.9819,6.6818,5.7938,4.9928,3.2224,3.2224
S1_H_T2015,6.2414,5.3004,4.8239,4.7039,4.0298,3.6707,3.2224,3.2224,3.2224
S1_H_T2017,6.0718,5.2598,4.3644,3.9669,3.2224,3.5638,3.2224,3.2224,3.2224
S1_H_T2019,6.4496,6.1296,5.722,5.1369,4.6818,4.8631,3.7298,3.2224,3.2224
S1_H_T2020,6.304,5.715,5.3644,5.1369,5.0298,4.4481,3.9928,3.2224,3.2224
S1_H_T2025,6.7931,5.8578,5.1718,4.8414,4.9229,4.1851,3.4078,3.2224,3.2224
S1_H_T2027,5.506,5.3004,5.4088,5.1369,4.9229,4.618,4.2152,3.2224,3.2224
S1_H_T2031,5.4518,5.3004,5.0083,4.382,3.8074,4.0332,3.2224,3.2224,3.2224
S1_H_T2032,6.5564,5.9372,6.7395,6.7395,6.8948,5.9923,5.5371,3.2224,3.6495
S1_H_T2036,6.1073,5.5564,6.0369,6.0544,5.6818,4.77,3.7298,3.2224,3.2224
S1_H_T2050,6.7261,6.2588,6.5739,6.2889,5.746,4.8631,4.3147,3.2224,3.2224
S1_H_T2055,6.3343,6.2994,5.6498,5.1893,4.3923,4.0332,3.5778,3.2224,3.2224
S1_H_T2062,6.8572,6.0604,6.2224,5.8738,5.1293,4.8173,4.3147,3.2224,3.2224
S1_H_T2064,5.8378,5.3399,5.1193,4.9669,3.5443,3.7702,3.2224,3.2224,3.2224
S1_H_T2066,6.2414,5.3399,5.9791,5.1893,4.8074,4.618,3.5778,3.2224,3.2224
S1_H_T2070,6.304,5.6536,5.8563,5.6674,5.2224,4.4481,3.9928,3.2224,3.2224
S1_H_T2071,6.0718,5.3004,5.0649,4.5519,4.2224,4.0332,3.2224,3.2224,3.2224
S1_H_T2075,5.9979,5.7447,4.8239,4.6299,4.3923,3.9507,3.2224,3.2224,3.2224
S1_H_T2077,6.0353,5.3004,5.4088,5.0824,4.9229,4.4481,3.7298,3.2224,3.2224
S1_H_T208,5.2115,4.3802,6.6312,6.8083,7.0038,5.4177,5.5371,3.2224,3.2224
S1_H_T2082,5.9201,5.5225,5.5739,5.6299,4.5443,4.2555,3.2224,3.2224,3.2224
S1_H_T2084,5.8795,4.8317,5.3186,5.1893,4.2224,4.4481,3.2224,3.2224,3.2224
S1_H_T2086,7.2561,6.5888,7.5142,7.2889,7.4122,6.8288,6.1083,3.2224,3.6495
S1_H_T2089,9.4162,8.8903,8.6076,8.0402,7.7143,7.5909,6.5371,5.2496,5.0439
S1_H_T2094,7.476,6.6371,6.3644,5.9669,5.3923,5.591,4.8673,3.2224,3.2224
S1_H_T2095,5.8795,4.9889,5.6124,5.382,5.0298,4.4481,3.5778,3.2224,3.2224
S1_H_T2097,6.7488,6.0124,5.7567,5.7039,5.0298,4.9075,3.8673,3.2224,3.2224
S1_H_T2100,7.6787,6.9746,7.0787,6.6858,6.3099,5.448,4.9314,3.2224,3.3091
S1_H_T2105,8.9471,8.1841,7.659,7.2524,6.8074,6.5909,5.7298,4.3568,3.986
S1_H_T211,7.392,6.6991,6.5142,6.3127,5.2224,5.3549,4.4078,3.2224,3.2224
S1_H_T2113,6.1073,5.4878,4.6124,4.0824,3.5443,3.3229,3.2224,3.2224,3.2224
S1_H_T2117,6.4217,6.0124,5.4088,4.8414,4.0298,3.9507,3.2224,3.2224,3.2224
S1_H_T2127,7.2078,6.3193,7.1718,6.4264,5.5443,4.8173,3.9928,3.2224,3.2224
S1_H_T2129,6.4496,6.0366,5.6498,5.1893,5.1293,4.5636,3.4078,3.2224,3.2224
S1_H_T213,6.3343,5.1751,5.888,5.7039,5.2224,4.77,3.5778,3.2224,3.2224
S1_H_T2130,5.5584,4.7752,5.6498,5.5914,5.3923,4.4481,3.8673,3.2224,3.2224
S1_H_T2143,6.4771,5.3783,5.7907,5.5519,5.1293,4.618,3.7298,3.2224,3.2224
S1_H_T2144,6.304,5.2598,6.3186,6.1369,5.8074,5.1485,3.8673,3.2224,3.2224
S1_H_T2147,6.1073,5.5225,4.888,4.2889,3.8074,4.0332,3.4078,3.2224,3.2224
S1_H_T2153,7.106,6.2994,5.7567,5.5113,4.8074,4.7211,3.7298,3.2224,3.2224
S1_H_T2158,7.9077,7.299,7.1458,6.7039,6.2224,5.9716,5.1083,3.3866,3.4893
S1_H_T216,5.9201,5.3783,5.4519,5.24,4.9229,4.618,3.5778,3.2224,3.2224
S1_H_T2160,6.4217,5.5564,5.2713,5.24,4.0298,3.5638,3.2224,3.2224,3.2224
S1_H_T2163,7.4346,6.5723,6.5739,6.1369,5.0298,5.185,4.2152,3.2224,3.2224
S1_H_T2164,7.6549,7.048,7.4197,7.2022,6.8948,6.1668,5.3147,3.2224,3.402
S1_H_T2166,5.6089,5.5896,5.1193,4.9055,4.3923,3.9507,3.2224,3.2224,3.2224
S1_H_T2167,8.1656,7.6525,7.4088,7.24,6.7143,6.3708,5.4522,3.3278,3.7936
S1_H_T2168,5.9595,5.4157,5.6864,5.4264,4.3923,4.1851,3.5778,3.2224,3.2224
S1_H_T2174,6.8779,6.2994,5.6498,4.7039,4.3923,4.507,3.2224,3.2224,3.2224
S1_H_T2181,8.1486,7.5468,7.2348,6.9211,6.2668,5.863,4.7298,4.0998,3.2224
S1_H_T2187,6.9384,6.4332,6.5932,6.5914,5.8663,5.2894,4.4953,3.2224,3.2224
S1_H_T2194,5.9201,5.4878,5.8563,5.4264,4.3923,4.1112,3.2224,3.2224,3.2224
S1_H_T2195,6.0353,5.2598,5.1193,5.0824,4.5443,4.2555,3.2224,3.2224,3.2224
S1_H_T2197,6.142,5.5564,6.3868,6.3593,6.2668,5.1485,4.2152,3.2224,3.2224
S1_H_T2198,6.142,5.1751,5.3186,4.9055,4.3923,3.8633,3.5778,3.2224,3.2224
S1_H_T2200,5.9979,5.4157,5.4519,4.7743,4.5443,3.3229,3.2224,3.2224,3.2224
S1_H_T2205,6.6796,5.7738,5.6124,5.5113,4.5443,4.507,3.2224,3.2224,3.2224
S1_H_T2208,6.209,4.9889,5.6498,5.9055,5.5443,5.033,3.9928,3.2224,3.2224
S1_H_T221,6.7261,6.2793,5.8563,4.9669,4.3923,4.1851,3.4078,3.2224,3.2224
S1_H_T2210,6.0353,5.1307,5.0649,5.0824,4.2224,3.2224,3.2224,3.2224,3.2224
S1_H_T222,7.0153,6.2381,5.7567,5.24,4.5443,4.6705,3.4078,3.2224,3.2224
S1_H_T2233,7.6905,7.024,6.5739,6.1369,5.746,4.9924,4.4078,3.2224,3.2224
S1_H_T2234,6.209,5.3399,5.5739,4.8414,5.0298,4.2555,3.8673,3.2224,3.2224
S1_H_T2235,7.5809,6.9493,6.9036,6.5519,5.9229,5.8854,4.9314,3.2224,3.2224
S1_H_T2239,6.6558,5.8303,5.2224,5.382,5.2224,4.6705,3.2224,3.2224,3.2224
S1_H_T224,9.5928,8.9199,8.2773,7.9967,7.5262,7.2293,6.2905,4.9513,4.3076
S1_H_T2246,7.3181,6.6839,6.0923,5.1893,5.1293,4.77,4.1083,3.2224,3.2224
S1_H_T2250,7.476,6.7142,6.3644,5.7395,5.2224,5.3549,3.7298,3.2224,3.2224
S1_H_T2253,7.4624,6.6212,6.6312,6.4694,5.9229,5.185,4.3147,3.2224,3.2224
S1_H_T2254,7.106,6.5888,5.8563,5.4264,5.2224,4.5636,3.5778,3.2224,3.2224
S1_H_T2258,7.5425,6.744,7.3302,7.0685,6.777,6.2206,4.9928,3.2224,3.986
S1_H_T226,6.8984,6.1069,6.3417,5.7039,4.9229,5.185,3.9928,3.2224,3.2224
S1_H_T2261,6.9964,6.3774,6.2952,5.8083,5.4703,5.033,4.3147,3.2224,3.2224
S1_H_T2264,6.4217,5.3399,5.6124,5.0824,4.8074,4.5636,3.4078,3.2224,3.2224
S1_H_T2269,6.6796,5.9372,5.6124,5.0824,5.1293,4.5636,3.5778,3.2224,3.2224
S1_H_T227,7.0704,6.5044,6.8722,6.2646,5.8663,5.033,4.1083,3.2224,3.2224
S1_H_T2271,6.4496,5.6536,6.1193,5.9967,5.0298,4.6705,4.2152,3.2224,3.2224
S1_H_T2272,5.9979,4.6551,6.0923,5.9366,5.3923,5.033,3.8673,3.2224,3.2224
S1_H_T2273,7.2561,6.5556,6.8402,6.8083,6.6487,6.1484,5.4078,3.2224,3.5716
S1_H_T228,6.8572,6.174,6.5142,6.1099,5.2224,4.9924,4.6558,3.2224,3.2224
S1_H_T2282,5.9595,4.9889,5.1718,3.9669,4.0298,3.6707,3.2224,3.2224,3.2224
S1_H_T2284,6.8779,6.0604,5.6498,5.3362,5.1293,4.6705,3.8673,3.2224,3.2224
S1_H_T229,8.0052,7.5884,7.2952,6.7743,6.0804,6.1668,4.9928,3.9902,3.7936
S1_H_T2295,6.0353,5.085,4.6864,4.4694,3.2224,4.0332,3.2224,3.2224,3.2224
S1_H_T2296,8.3915,7.9102,7.5344,6.6108,6.5078,6.3388,5.5371,4.3568,3.9247
S1_H_T2298,6.8148,5.9627,5.6124,5.24,4.8074,4.9924,3.7298,3.2224,3.2224
S1_H_T2302,6.273,5.6846,5.9494,6.0824,5.6147,5.5635,4.8002,3.2224,3.2224
S1_H_T2303,7.2561,6.6529,6.2713,5.6674,5.1293,5.1485,4.1083,3.2224,3.2224
S1_H_T2305,7.7703,7.1403,7.4305,6.9211,6.3099,5.8854,5.0517,3.2224,3.6495
S1_H_T2311,6.607,6.0366,6.2224,6.3362,5.2224,4.507,3.5778,3.2224,3.2224
S1_H_T2313,6.9774,6.3583,6.3186,6.1369,5.5443,5.111,4.1083,3.2224,3.2224
S1_H_T2317,6.4217,5.7738,5.5344,5.1893,3.8074,4.1112,3.2224,3.2224,3.2224
S1_H_T2320,5.8795,5.085,5.0649,4.382,4.0298,3.5638,3.2224,3.2224,3.2224
S1_H_T2323,7.6306,7.1403,6.6498,5.7039,5.2224,5.7457,4.6558,3.6967,3.402
S1_H_T2324,6.209,5.2598,4.8239,4.0824,3.2224,3.2224,3.2224,3.2224,3.2224
S1_H_T2328,6.273,5.6536,5.6864,5.1893,4.8074,4.2555,3.7298,3.2224,3.2224
S1_H_T2330,6.142,5.4878,5.2713,4.7743,4.0298,4.2555,3.2224,3.2224,3.2224
S1_H_T2332,7.6184,6.3583,7.0369,6.9366,6.7143,6.306,5.3147,3.2224,3.2224
S1_H_T2333,7.3629,6.8974,6.919,6.5519,6.1293,6.1484,4.8673,3.2224,3.2224
S1_H_T2334,7.2401,6.5888,6.5932,6.24,5.4703,4.9075,3.8673,3.2224,3.2224
S1_H_T2336,6.8572,6.174,6.5142,5.6299,5.0298,4.1112,3.5778,3.2224,3.2224
S1_H_T2338,7.0339,6.3389,6.1973,5.5519,5.0298,4.6705,3.8673,3.2224,3.2224
S1_H_T2342,6.8148,6.1296,5.9791,5.8414,5.2224,5.2894,4.1083,3.2224,3.2224
S1_H_T2344,6.3931,5.9877,4.9494,4.7743,3.8074,3.8633,3.2224,3.2224,3.2224
S1_H_T2352,6.5564,5.6846,4.8239,4.6299,4.3923,3.9507,3.4078,3.2224,3.2224
S1_H_T2353,6.7931,6.174,6.6312,6.1893,5.9229,5.8172,4.7298,3.2224,3.2224
S1_H_T2360,5.9595,4.886,4.6864,3.7039,3.2224,3.2224,3.2224,3.2224,3.2224
S1_H_T2362,7.2078,6.744,6.0369,5.0258,4.2224,3.4483,3.2224,3.2224,3.2224
S1_H_T2364,7.2874,6.5556,5.6864,5.4694,5.1293,4.9506,3.2224,3.2224,3.2224
S1_H_T2369,6.142,5.622,5.4088,5.24,4.2224,4.6705,3.7298,3.2224,3.2224
S1_H_T2377,8.0965,7.3674,7.3531,6.8577,6.3099,5.5069,5.1083,3.7425,3.2224
S1_H_T238,6.8148,6.1069,5.888,5.9055,5.2224,5.185,3.9928,3.2224,3.2224
S1_H_T2385,7.9957,7.4688,7.2224,6.8414,5.8663,5.591,4.9314,3.2224,3.2224
S1_H_T2387,7.0153,6.2381,6.1973,5.5519,5.0298,4.1112,3.4078,3.2224,3.2224
S1_H_T2390,8.8349,7.9681,7.6124,7.2524,6.58,6.4629,5.6173,3.8299,4.1013
S1_H_T2391,6.7711,5.8023,5.9791,5.9669,5.3099,4.9924,4.1083,3.2224,3.2224
S1_H_T2393,6.2414,5.7738,5.6124,5.4264,4.6818,4.4481,3.4078,3.2224,3.2224
S1_H_T2396,7.224,6.2588,6.8239,6.6108,6.1766,5.6959,4.7298,3.2224,3.2224
S1_H_T2397,5.9201,5.2598,5.3186,5.382,3.8074,3.7702,3.2224,3.2224,3.2224
S1_H_T2398,5.9201,5.2181,5.8239,5.6674,5.5443,4.7211,3.8673,3.2224,3.2224
S1_H_T2399,6.8148,6.1069,5.919,5.5113,5.4703,5.1485,3.8673,3.2224,3.2224
S1_H_T24,7.392,6.7586,6.2471,5.7039,5.0298,4.6705,3.7298,3.2224,3.2224
S1_H_T2404,7.0883,6.3774,6.1718,5.5519,5.2224,5.185,3.4078,3.2224,3.2224
S1_H_T2405,7.0339,6.2994,5.7907,5.1893,4.6818,4.0332,3.2224,3.2224,3.2224
S1_H_T2408,7.2078,6.5556,6.4729,6.0258,5.5443,5.111,3.7298,3.2224,3.2224
S1_H_T242,6.958,6.3193,6.5142,5.9055,5.4703,5.2554,3.9928,3.2224,3.2224
S1_H_T2420,6.504,5.8578,6.3868,6.1633,5.8663,5.2554,4.2152,3.2224,3.2224
S1_H_T2421,6.1759,6.0124,5.8563,5.3362,4.0298,4.1851,3.5778,3.2224,3.2224
S1_H_T2422,6.8779,6.1957,7.1059,6.9967,6.9229,6.2381,5.2152,3.2224,3.7936
S1_H_T2427,6.4496,5.4878,5.0649,3.9669,4.2224,4.1851,3.2224,3.2224,3.2224
S1_H_T2429,7.106,6.4514,5.8563,5.6299,5.1293,4.9924,4.4078,3.2224,3.2224
S1_H_T2431,7.224,6.3389,6.2471,5.6674,5.0298,4.3867,3.7298,3.2224,3.2224
S1_H_T2432,6.703,6.0839,6.0649,5.8738,5.2224,4.507,3.7298,3.2224,3.2224
S1_H_T2436,7.0339,6.5044,6.4088,6.0824,5.6818,5.4177,4.5778,3.2224,3.2224
S1_H_T2445,8.8402,8.1118,7.6773,7.3245,6.6487,6.8517,5.8997,4.6727,4.3076
S1_H_T2446,6.7488,6.1957,6.2224,5.8083,5.3099,5.0726,4.7298,3.2224,3.2224
S1_H_T2447,5.8795,4.9889,4.6864,4.6299,3.8074,3.5638,3.2224,3.2224,3.2224
S1_H_T2449,7.6428,7.0599,6.8563,6.5113,6.1766,6.2553,5.0517,3.8716,3.8607
S1_H_T245,6.0353,4.886,5.6498,4.8414,5.1293,3.7702,3.4078,3.2224,3.2224
S1_H_T2450,7.4346,6.6839,6.3417,5.7395,5.3099,5.3549,4.5778,3.2224,3.2224
S1_H_T2451,6.1073,4.9889,5.1193,4.6299,4.9229,4.1112,3.2224,3.2224,3.2224
S1_H_T2454,5.9201,5.5896,4.9494,4.9669,3.8074,4.1112,3.5778,3.2224,3.2224
S1_H_T2459,6.7931,6.2793,5.919,5.5113,5.4703,5.033,3.8673,3.2224,3.2224
S1_H_T2462,6.4217,6.0366,6.3417,6.0258,5.1293,4.507,3.7298,3.2224,3.2224
S1_H_T2468,5.8378,5.3783,4.5344,4.6299,4.3923,4.1112,3.2224,3.2224,3.2224
S1_H_T2481,6.8984,6.152,6.6124,6.2149,5.9773,5.3866,4.1083,3.2224,3.2224
S1_H_T2482,5.9201,5.3399,5.1718,4.6299,4.3923,3.8633,3.2224,3.2224,3.2224
S1_H_T2485,6.9384,6.0366,6.6498,5.7395,4.2224,4.0332,3.5778,3.2224,3.2224
S1_H_T2491,6.8148,5.8578,5.9494,5.6299,5.1293,5.033,4.2152,3.2224,3.2224
S1_H_T2495,8.0424,7.1735,7.6953,7.5009,7.3099,6.6312,5.8673,3.2224,3.4893
S1_H_T2496,5.7505,5.4157,4.6864,4.382,3.8074,3.2224,3.2224,3.2224,3.2224
S1_H_T2497,6.1073,5.085,4.6864,4.4694,4.2224,3.2224,3.4078,3.2224,3.2224
S1_H_T25,5.6089,4.9384,5.5739,5.382,4.8074,3.9507,3.5778,3.2224,3.2224
S1_H_T2502,8.5355,7.5468,7.0787,6.6674,6.3099,6.0529,5.3147,3.8716,3.7234
S1_H_T2507,4.9231,4.3024,5.8563,5.4694,4.6818,3.5638,3.5778,3.2224,3.2224
S1_H_T251,7.392,6.5888,6.1458,5.9366,5.2224,4.9924,4.1083,3.2224,3.2224
S1_H_T2511,6.4496,6.0839,6.1973,6.0258,5.3923,4.9075,3.9928,3.2224,3.2224
S1_H_T2513,7.3775,6.7142,6.6124,6.0824,6.0804,5.3866,4.1083,3.2224,3.2224
S1_H_T2519,7.3481,6.6991,6.7567,6.4905,5.9229,5.5355,4.4078,3.2224,3.2224
S1_H_T2520,6.5564,5.8023,5.3186,4.7039,4.2224,4.4481,3.2224,3.2224,3.2224
S1_H_T2524,5.8795,5.1307,4.9494,4.2889,4.0298,3.2224,3.2224,3.2224,3.2224
S1_H_T2526,5.9201,5.1751,4.2713,3.9669,3.8074,3.5638,3.2224,3.2224,3.2224
S1_H_T2531,6.6316,5.5564,6.1718,5.7743,5.3099,4.8631,3.8673,3.2224,3.2224
S1_H_T2536,6.3931,5.6846,5.722,5.3362,5.0298,4.8631,3.4078,3.2224,3.2224
S1_H_T2538,6.703,6.0839,6.1458,5.8414,5.3923,4.507,3.8673,3.2224,3.2224
S1_H_T2539,8.6842,7.7942,7.9938,7.7829,7.5623,7.1668,6.1083,3.2224,4.4006
S1_H_T254,5.9595,4.9889,5.5739,5.0258,4.2224,4.2555,3.4078,3.2224,3.2224
S1_H_T2543,8.1823,7.6835,7.3978,7.2022,6.5443,6.0725,5.2658,3.7868,3.7234
S1_H_T2544,6.6796,6.1069,6.3186,6.1369,4.9229,4.8173,3.8673,3.2224,3.2224
S1_H_T2546,5.3953,5.2181,5.6498,5.0258,4.3923,3.3229,3.2224,3.2224,3.2224
S1_H_T2547,6.8362,6.5217,6.4729,5.9055,5.4703,4.9506,4.2152,3.2224,3.2224
S1_H_T2552,7.6184,7.036,7.0787,7.0402,6.6147,6.2029,5.3147,3.2224,3.3091
S1_H_T2555,6.8779,6.0366,5.919,5.6674,5.2224,5.2554,4.5778,3.2224,3.2224
S1_H_T2559,6.1759,5.4157,5.6864,5.1893,4.6818,4.5636,3.4078,3.2224,3.2224
S1_H_T256,6.8572,6.1296,6.6124,6.1633,5.8074,5.2554,4.4953,3.2224,3.2224
S1_H_T2561,8.1823,7.6912,7.6953,7.2022,6.8371,6.6574,5.7654,3.9902,4.0448
S1_H_T2563,6.7261,5.8578,5.7907,5.2889,4.6818,4.2555,3.2224,3.2224,3.2224
S1_H_T2569,6.3343,5.715,5.6864,5.382,4.8074,4.0332,3.2224,3.2224,3.2224
S1_H_T2572,7.4346,6.9621,6.3186,5.7743,3.5443,4.1112,3.2224,3.2224,3.2224
S1_H_T2574,5.7948,5.2598,4.9494,4.7743,4.6818,3.9507,3.2224,3.2224,3.2224
S1_H_T2575,5.9201,5.3399,5.0649,4.382,3.8074,3.5638,3.2224,3.2224,3.2224
S1_H_T2577,5.5584,4.7752,5.7907,5.8414,5.4703,4.5636,3.5778,3.2224,3.2224
S1_H_T2582,6.5304,6.1069,6.6312,6.2646,6.1766,5.185,4.1083,3.2224,3.2224
S1_H_T2584,5.506,5.3004,4.1718,3.8414,3.2224,3.2224,3.2224,3.2224,3.2224
S1_H_T2588,5.7505,5.3399,4.8239,3.9669,4.0298,3.4483,3.2224,3.2224,3.2224
S1_H_T2589,7.8032,6.9871,6.5344,6.0258,5.4703,4.618,3.2224,3.2224,3.2224
S1_H_T2595,7.476,6.6051,6.8239,6.1099,5.8074,5.721,4.7298,3.2224,3.2224
S1_H_T2602,6.7931,6.0604,6.3417,5.5519,5.6818,4.9506,4.3147,3.2224,3.2224
S1_H_T2604,6.304,5.8023,5.8239,5.382,5.3099,5.448,4.4953,3.2224,3.2224
S1_H_T261,6.607,5.5225,5.3186,5.4264,4.2224,4.2555,3.8673,3.2224,3.2224
S1_H_T2612,6.1759,5.4157,5.6498,4.9055,5.1293,4.3226,3.4078,3.2224,3.2224
S1_H_T2613,6.8572,6.217,6.4088,5.8414,5.746,5.111,4.2152,3.2224,3.2224
S1_H_T2616,6.9185,6.0366,5.1718,4.7039,3.8074,3.6707,3.2224,3.2224,3.2224
S1_H_T2622,5.9201,5.3399,5.6124,5.24,4.6818,4.0332,3.2224,3.2224,3.2224
S1_H_T2625,5.7505,5.5564,4.3644,4.1893,3.2224,3.2224,3.2224,3.2224,3.2224
S1_H_T2629,6.3343,5.5225,5.722,5.3362,5.1293,4.6705,3.9928,3.2224,3.2224
S1_H_T2642,6.5304,5.7738,6.4519,6.3127,5.4703,5.2206,4.4953,3.2224,3.2224
S1_H_T2646,8.8664,8.1004,7.3644,6.9211,6.0298,5.618,4.6558,3.55,3.3091
S1_H_T2649,5.506,4.6551,5.5344,5.5519,5.6147,4.9924,3.4078,3.2224,3.2224
S1_H_T265,7.4624,6.6212,6.6312,6.4694,5.9229,5.185,4.3147,3.2224,3.2224
S1_H_T2652,6.3931,5.4522,6.0649,5.7395,5.5443,5.448,3.8673,3.2224,3.2224
S1_H_T2665,7.3332,6.5044,6.6498,6.0824,5.6147,5.2554,3.9928,3.2224,3.2224
S1_H_T2668,6.8572,6.5044,5.9494,5.6299,5.6147,5.5355,4.5778,3.3866,3.2224
S1_H_T2669,5.9979,5.3783,4.6864,4.8414,3.8074,3.2224,3.2224,3.2224,3.2224
S1_H_T2671,6.3343,5.4878,5.4519,5.4264,4.2224,4.2555,3.5778,3.2224,3.2224
S1_H_T2683,6.504,5.715,5.4088,5.4694,4.2224,3.7702,3.4078,3.2224,3.2224
S1_H_T2686,6.9964,6.1957,6.1458,5.5519,5.3923,4.8173,3.9928,3.2224,3.2224
S1_H_T2693,7.4346,6.7875,6.888,6.8249,6.4703,5.9074,4.4078,3.2224,3.5716
S1_H_T2695,6.7931,6.1296,5.9494,5.1893,4.3923,3.8633,3.2224,3.2224,3.2224
S1_H_T2696,6.1073,5.4878,5.0649,4.6299,3.2224,3.6707,3.2224,3.2224,3.2224
S1_H_T27,5.9979,5.3783,5.3644,5.0258,4.8074,4.77,3.7298,3.2224,3.2224
S1_H_T2721,6.3931,6.2588,5.4088,5.3362,4.9229,4.4481,3.2224,3.2224,3.2224
S1_H_T2722,6.6316,6.0366,6.3417,5.9669,4.9229,4.9075,3.8673,3.2224,3.2224
S1_H_T2726,9.6053,8.9264,9.1941,8.9669,8.8297,8.3905,7.5164,4.8294,5.7395
S1_H_T2730,6.0718,5.1751,5.7567,5.5519,4.5443,4.2555,3.5778,3.2224,3.2224
S1_H_T2734,6.703,6.152,6.6682,6.382,5.9773,5.3225,4.4953,3.2224,3.2224
S1_H_T2743,6.4217,5.3399,6.0083,5.5113,5.3923,4.618,3.4078,3.2224,3.2224
S1_H_T2745,5.9979,5.4878,5.2224,5.1369,5.1293,5.033,3.7298,3.2224,3.2224
S1_H_T2746,7.8459,7.0949,7.1059,6.8414,6.0804,5.5635,4.4078,3.2224,3.6495
S1_H_T2751,6.0718,5.5896,6.0369,6.0824,5.3923,5.1485,4.2152,3.2224,3.2224
S1_H_T2752,5.7505,5.2598,4.6124,4.1893,3.2224,3.6707,3.2224,3.2224,3.2224
S1_H_T2758,6.3931,5.8023,5.1718,4.6299,4.3923,4.5636,3.8673,3.2224,3.2224
S1_H_T276,7.5294,6.9236,6.8563,6.7395,6.2224,5.618,5.0517,3.2224,3.2224
S1_H_T2761,6.3343,5.9372,5.5739,5.382,5.0298,4.3867,3.4078,3.2224,3.2224
S1_H_T2764,7.606,6.7875,6.8074,6.5519,6.2224,6.4022,5.362,3.2224,3.5716
S1_H_T2765,6.142,5.6846,4.6124,3.7039,3.2224,3.2224,3.2224,3.2224,3.2224
S1_H_T2766,6.8779,6.1296,6.9036,6.7914,6.3517,5.8172,4.9928,3.2224,3.2224
S1_H_T2774,6.273,5.8847,6.3186,6.1633,5.5443,5.618,4.4078,3.2224,3.2224
S1_H_T2775,6.9384,6.5556,6.7567,6.4264,5.3099,4.5636,4.3147,3.2224,3.2224
S1_H_T2777,7.476,6.6212,5.8563,4.9055,4.5443,4.4481,3.4078,3.2224,3.2224
S1_H_T278,6.7261,6.0124,5.6498,5.2889,4.8074,4.1112,3.2224,3.2224,3.2224
S1_H_T2785,5.9201,4.9384,4.888,4.9669,5.2224,4.3867,3.2224,3.2224,3.2224
S1_H_T2787,7.1578,6.4693,6.0923,5.8083,4.9229,4.9075,3.9928,3.2224,3.2224
S1_H_T2788,6.364,5.4878,5.9791,5.5113,5.3923,4.77,4.3147,3.2224,3.2224
S1_H_T2789,7.6787,7.0599,7.0923,6.8083,6.4319,6.5069,5.4078,3.6967,3.9247
S1_H_T279,6.2414,5.3399,5.888,5.5914,5.2224,5.2554,4.2152,3.2224,3.2224
S1_H_T2791,6.6316,5.9877,6.1973,5.7395,5.6818,4.5636,3.2224,3.2224,3.2224
S1_H_T2793,5.5584,5.3399,4.7567,4.2889,3.5443,3.4483,3.2224,3.2224,3.2224
S1_H_T2797,6.6558,5.9627,5.9791,5.6674,5.2224,4.507,4.1083,3.2224,3.2224
S1_H_T28,5.8795,5.4878,5.4519,4.6299,4.6818,3.8633,3.2224,3.2224,3.2224
S1_H_T2805,7.7137,7.1515,6.9643,6.5914,6.1766,5.6444,4.9928,3.2224,3.2224
S1_H_T2806,7.5809,7.0599,7.0923,6.6858,6.5078,6.1298,5.1083,3.2224,3.5716
S1_H_T2809,5.6576,4.9889,5.8563,5.8083,5.5443,4.9506,4.2152,3.2224,3.2224
S1_H_T2812,6.6558,5.7738,6.6498,6.6299,6.2668,5.591,4.8002,3.2224,3.2224
S1_H_T2822,6.6796,6.174,5.1193,5.0258,4.2224,4.77,3.4078,3.2224,3.2224
S1_H_T2833,6.8572,5.9372,6.2713,5.8083,5.746,5.1485,4.6558,3.2224,3.2224
S1_H_T2835,6.5819,5.8578,6.3644,6.0824,5.5443,5.3866,4.1083,3.2224,3.2224
S1_H_T2838,7.3028,6.7875,6.5739,6.3362,5.6818,5.721,4.8673,3.2224,3.2224
S1_H_T2839,7.9178,7.4688,7.5543,7.2889,6.746,6.3225,5.3147,3.3866,3.5716
S1_H_T284,8.0787,7.248,7.3069,6.8083,6.3923,6.1298,5.3147,3.2224,3.5716
S1_H_T2843,7.3181,6.6212,7.0083,6.8738,6.2668,5.9505,5.0517,3.2224,3.2224
S1_H_T2844,6.273,5.3783,5.8239,5.4264,4.9229,4.2555,3.5778,3.2224,3.2224
S1_H_T2849,5.9595,5.0378,5.0649,4.7039,4.6818,3.4483,3.2224,3.2224,3.2224
S1_H_T2852,8.0515,7.1735,7.6124,7.2524,6.6147,6.185,5.4078,3.2224,3.8607
S1_H_T2853,8.3022,7.5966,7.2471,6.8414,6.6487,6.7334,5.5778,4.3271,4.0448
S1_H_T2855,5.6576,5.2598,5.1193,5.1893,4.6818,4.1112,3.8673,3.2224,3.2224
S1_H_T2857,7.4896,6.9746,6.722,6.4264,5.8074,5.618,4.1083,3.2224,3.2224
S1_H_T2862,4.3412,3.3062,5.4519,5.6299,5.4703,3.9507,3.2224,3.2224,3.2224
S1_H_T2863,7.1407,6.3389,6.5344,6.2889,5.8663,5.2206,3.9928,3.2224,3.2224
S1_H_T2865,7.1746,6.4332,5.7907,5.4264,4.8074,4.8631,4.1083,3.2224,3.2224
S1_H_T2868,7.1407,6.3962,6.0369,5.9055,5.3923,4.8173,3.5778,3.2224,3.2224
S1_H_T2870,4.3412,3.2224,6.2713,6.5317,6.3517,4.7211,4.7298,3.2224,3.2224
S1_H_T2876,6.2414,5.4522,5.5739,4.9055,4.8074,4.618,3.5778,3.2224,3.2224
S1_H_T2878,7.3028,6.7142,6.0083,5.5113,4.2224,4.3226,3.4078,3.2224,3.2224
S1_H_T288,6.2414,5.085,5.5739,5.0824,4.0298,3.5638,3.2224,3.2224,3.2224
S1_H_T2881,6.6796,5.8847,6.6864,6.8249,6.6487,6.2206,5.362,3.2224,3.2224
S1_H_T2884,6.2414,5.4157,4.8239,3.9669,4.5443,3.4483,3.2224,3.2224,3.2224
S1_H_T2885,6.9964,6.3774,6.0923,5.8414,5.1293,4.618,3.8673,3.2224,3.2224
S1_H_T2889,6.4217,5.622,6.1458,5.9366,6.0298,5.0726,4.4953,3.2224,3.2224
S1_H_T2895,5.506,5.4522,5.1193,4.382,3.8074,4.1112,3.2224,3.2224,3.2224
S1_H_T290,7.1578,6.5888,6.5543,5.9366,5.3923,4.5636,3.7298,3.2224,3.2224
S1_H_T2900,7.3332,6.2994,5.9791,5.6299,5.0298,4.9506,3.5778,3.2224,3.2224
S1_H_T2906,8.8136,8.1949,7.5443,7.1502,6.6487,6.3225,5.5778,4.6246,4.2587
S1_H_T291,6.504,5.8578,6.2224,6.4481,5.6147,4.9075,3.9928,3.2224,3.2224
S1_H_T2911,7.5294,6.5217,6.0923,5.8414,5.4703,5.3866,4.3147,3.2224,3.2224
S1_H_T2918,6.0353,5.3783,5.2224,4.8414,4.8074,4.1112,3.4078,3.2224,3.2224
S1_H_T2920,6.1073,5.3783,4.888,4.382,4.0298,3.7702,3.4078,3.2224,3.2224
S1_H_T2923,5.8795,4.9384,4.4519,4.1893,3.5443,3.2224,3.2224,3.2224,3.2224
S1_H_T2924,5.8795,5.085,5.0649,4.382,4.0298,3.5638,3.2224,3.2224,3.2224
S1_H_T2943,6.6558,6.0839,6.1458,5.8414,5.8074,5.033,4.4953,3.2224,3.2224
S1_H_T2944,6.504,5.9627,5.5739,5.3362,5.1293,4.6705,3.4078,3.2224,3.2224
S1_H_T2948,6.0718,5.715,5.1718,4.9055,3.5443,4.1851,3.4078,3.2224,3.2224
S1_H_T295,6.4771,5.8023,6.2224,5.8738,5.5443,5.591,5.0517,3.2224,3.2224
S1_H_T2950,7.476,7.2271,6.5142,6.0258,4.9229,5.033,3.5778,3.2224,3.2224
S1_H_T2957,6.4771,5.2181,5.8563,6.0258,6.58,6.2029,5.6932,3.2224,4.3076
S1_H_T2959,6.0353,5.1307,4.3644,3.9669,3.5443,3.2224,3.2224,3.2224,3.2224
S1_H_T2960,6.5819,6.0604,6.6124,6.2646,5.9229,5.3225,4.4078,3.2224,3.2224
S1_H_T2964,6.1073,5.3399,5.0083,4.382,4.0298,4.2555,3.2224,3.2224,3.2224
S1_H_T2972,6.8779,6.152,6.1458,5.7395,5.2224,5.111,4.2152,3.2224,3.2224
S1_H_T2973,5.9595,4.7752,5.8563,5.5914,4.8074,4.0332,3.8673,3.2224,3.2224
S1_H_T2976,5.8378,5.1307,5.6124,5.0824,4.5443,4.7211,3.2224,3.2224,3.2224
S1_H_T2979,6.8779,6.4514,6.6864,6.5718,5.8074,5.591,4.4953,3.2224,3.2224
S1_H_T2982,6.1759,5.4157,5.5739,5.5113,4.5443,4.7211,3.4078,3.2224,3.2224
S1_H_T2988,7.224,6.487,7.1326,7.1235,6.8948,6.033,5.362,3.2224,3.7936
S1_H_T2989,5.7505,5.0378,5.4937,5.2889,5.1293,4.9924,3.9928,3.2224,3.2224
